Title,Release,NumSubjects,SubjectName,SubjectType,SubjectRace,PersonOfColor,SubjectSex,LeadActor,Period
1987,2014,1,Ricardo Trogi,Other,White,0,Male,Jean-Carl Boucher,2000--2014
American Sniper,2014,1,Chris Kyle,Military,NA,0,Male,Bradley Cooper,2000--2014
Big Eyes,2014,1,Margaret Keane,Artist,White,0,Female,Amy Adams,2000--2014
Cesar Chavez,2014,1,Cesar Chavez,Activist,Hispanic (Latino),1,Male,Michael PeÌ±a,2000--2014
Desert Dancer,2014,1,Afshin Ghaffarian,Artist,Middle Eastern,1,Male,Reece Ritchie,2000--2014
Digging Up the Marrow,2014,1,Adam Green,Other,NA,0,Male,Adam Green,2000--2014
Exodus: Gods and Kings,2014,1,Moses,Historical,Middle Eastern (White),0,Male,Christian Bale,2000--2014
Foxcatcher,2014,1,Mark Schultz,Athlete,White,0,Male,Channing Tatum,2000--2014
Get on Up,2014,1,James Brown,Singer,African American,1,Male,Chadwick Boseman,2000--2014
Grace of Monaco,2014,1,Grace Kelly,Actress,White,0,Male,Nicole Kidman,2000--2014
Jamesy Boy,2014,1,James Burns,Criminal,NA,0,Male,Spencer Lofranco,2000--2014
Jersey Boys,2014,4,Bob Gaudio,Musician,White,0,Male,Erich Bergen,2000--2014
Jersey Boys,2014,4,Frankie Valli,Musician,White,0,Male,John Lloyd Young,2000--2014
Jersey Boys,2014,4,Nick Massi,Musician,White,0,Male,Michael Lomenda,2000--2014
Jersey Boys,2014,4,Tommy DeVito,Musician,White,0,Male,Vincent Piazza,2000--2014
Kid Cannabis,2014,1,Nate Norman,Criminal,NA,0,Male,Jonathan Daniel Brown,2000--2014
Kill the Messenger,2014,1,Gary Webb,Media,NA,0,Male,Jeremy Renner,2000--2014
Love & Mercy,2014,1,Brian Wilson,Musician,White,0,Male,John Cusack,2000--2014
Low Down,2014,1,Joe Albany,Musician,White,0,Male,John Hawkes,2000--2014
Million Dollar Arm,2014,1,J. B. Bernstein,Athlete,White,0,Male,Jon Hamm,2000--2014
Mr. Turner,2014,1,J.M.W. Turner,Artist,White,0,Male,Timothy Spall,2000--2014
Ragamuffin,2014,1,Rich Mullins,Singer,White,0,Male,David Schultz,2000--2014
Rosewater,2014,1,Maziar Bahari,Media,Middle Eastern,1,Male,Gael GarcÌ_a Bernal,2000--2014
Selma,2014,1,"Martin Luther King, Jr",Activist,African American,1,Male,David Oyelowo,2000--2014
Set Fire to the Stars,2014,1,Dylan Thomas,Author (poet),White,0,Male,Celyn Jones,2000--2014
Son of God,2014,1,Jesus,Historical,Middle Eastern (White),0,Male,Diogo Morgado,2000--2014
Testament of Youth,2014,1,Vera Brittain,Other,NA,0,Female,Alicia Vikander,2000--2014
The Better Angels,2014,1,Abraham Lincoln,World leader,White,0,Male,Jason Clarke,2000--2014
The Brittany Murphy Story,2014,1,Brittany Murphy,Actress,White,0,Female,Amanda Fuller,2000--2014
The Imitation Game,2014,1,Alan Turing,Academic,White,0,Male,Benedict Cumberbatch,2000--2014
The Theory of Everything,2014,1,Steven Hawking,Academic,White,0,Male,Eddie Redmayne,2000--2014
Unbroken,2014,1,Louis Zamperini,Athlete / military,White,0,Male,Jack O'Connell,2000--2014
Wild,2014,1,Cheryl Strayed,Other,NA,0,Female,Reese Witherspoon,2000--2014
12 Years a Slave,2013,1,Solomon Northup,Other,African American,1,Male,Chiwetel Ejiofor,2000--2014
42,2013,1,Jackie Robinson,Athlete,African American,1,Male,Chadwick Boseman,2000--2014
Blue Caprice,2013,1,John Allen Muhammad,Criminal,African American,1,Male,Isaiah Washington,2000--2014
Burning Blue,2013,1,DMW Greer,Military,NA,0,Male,Trent Ford,2000--2014
Captain Phillips,2013,1,Richard Phillips,Military,NA,0,Male,Tom Hanks,2000--2014
Counterpunch,2013,1,Alvaro Orlando,Athlete,Hispanic (Latino),1,Male,Alvaro Orlando,2000--2014
Dallas Buyers Club,2013,1,Ron Woodroof,Activist,NA,0,Male,Matthew McConaughey,2000--2014
Devil's Knot,2013,3,Damien Echols,Criminal,NA,0,Male,James Hamrick,2000--2014
Devil's Knot,2013,3,Jason Baldwin,Criminal,NA,0,Male,Seth Meriwether,2000--2014
Devil's Knot,2013,3,"Jessie Misskelley, Jr.",Criminal,NA,0,Male,Kristopher Higgins,2000--2014
Diana,2013,1,Princess Diana,Other,White,0,Female,Naomi Watts,2000--2014
Fruitvale Station,2013,1,Oscar Grant III,Other,African American,1,Male,Michael B. Jordan,2000--2014
iSteve,2013,1,Steve Jobs,Other,Multi racial,1,Male,Justin Long,2000--2014
Jappeloup,2013,1,"Pierre Durand, Jr.",Athlete,White,0,Male,Guillaume Canet,2000--2014
Jimi: All Is by My Side,2013,1,Jimi Hendrix,Musician,Multi racial,1,Male,AndrÌ© Benjamin,2000--2014
Jobs,2013,1,Steve Jobs,Other,Multi racial,1,Male,Ashton Kutcher,2000--2014
Kill Your Darlings,2013,1,Allen Ginsberg,Author,White,0,Male,Daniel Radcliffe,2000--2014
Lee Daniels' The Butler,2013,1,Cecil Gaines,Other,African American,1,Male,Forest Whitaker,2000--2014
Lone Survivor,2013,1,Marcus Luttrell,Military,NA,0,Male,Mark Wahlberg,2000--2014
Louis Cyr,2013,1,Louis Cyr,Athlete,White,0,Male,Antoine Bertrand,2000--2014
Lovelace,2013,1,Linda Lovelace,Actress,White,0,Female,Amanda Seyfried,2000--2014
Mandela: Long Walk to Freedom,2013,1,Nelson Mandela,World leader,African,1,Male,Idris Elba,2000--2014
One Chance,2013,1,Paul Potts,Musician,NA,0,Male,James Corden,2000--2014
Philomena,2013,1,Philomena Lee,Other,White,0,Female,Judi Dench,2000--2014
Rush,2013,2,James Hunt,Athlete,White,0,Male,Chris Hemsworth,2000--2014
Rush,2013,2,Niki Lauda,Athlete,White,0,Male,Daniel BrÌ_hl,2000--2014
Saving Mr. Banks,2013,2,Walt Disney,Other,White,0,Male,Tom Hanks,2000--2014
Saving Mr. Banks,2013,2,P.L. Travers,Author,White,0,Female,Emma Thompson,2000--2014
The Fifth Estate,2013,1,Julian Assange,Other,White,0,Male,Benedict Cumberbatch,2000--2014
The Frozen Ground,2013,2,Jack Halcombe,Other,NA,0,Male,Nicolas Cage,2000--2014
The Frozen Ground,2013,2,Robert Hansen,Criminal,White,0,Male,John Cusack,2000--2014
The Invisible Woman,2013,1,Charles Dickens,Author,White,0,Male,Ralph Fiennes,2000--2014
The Last of Robin Hood,2013,1,Errol Flynn,Actor,White,0,Male,Kevin Kline,2000--2014
The Look of Love,2013,1,Paul Raymond,Other,NA,0,Male,Steve Coogan,2000--2014
The Railway Man,2013,1,Eric Lomax,Military,NA,0,Male,Colin Firth,2000--2014
The Wolf of Wall Street,2013,1,Jordan Belfort,Criminal,NA,0,Male,Leonardo DiCaprio,2000--2014
Chasing Mavericks,2012,1,Jay Moriarity,Athlete,NA,0,Male,Jonny Weston,2000--2014
Goltzius and the Pelican Company,2012,1,Hendrik Goltzius,Artist,White,0,Male,Ramsey Nasr,2000--2014
Good Vibrations,2012,1,Terri Hooley,Musician,NA,0,Male,Richard Dormer,2000--2014
Hitchcock,2012,2,Alfred Hitchcock,Other,White,0,Male,Anthony Hopkins,2000--2014
Hitchcock,2012,2,Alma Reville,Other,White,0,Female,Helen Mirren,2000--2014
Hyde Park on Hudson,2012,2,Franklin Delano Roosevelt,World leader,White,0,Male,Bill Murray,2000--2014
Hyde Park on Hudson,2012,2,Margaret Suckley,Other,NA,0,Female,Laura Linney,2000--2014
Lincoln,2012,1,Abraham Lincoln,World leader,White,0,Male,Daniel Day-Lewis,2000--2014
The Color of Time,2012,1,CK Williams,Author,NA,0,Male,James Franco,2000--2014
The Iceman,2012,1,Richard Kuklinski,Criminal,White,0,Male,Michael Shannon,2000--2014
The Last Ride,2012,1,Hank Williams,Musician,NA,0,Male,Henry Thomas,2000--2014
The Sessions,2012,1,Mark O'Brien,Medicine,NA,0,Male,John Hawkes,2000--2014
To Write Love on Her Arms,2012,1,Renee Yohe,Other,NA,0,Female,Kat Dennings,2000--2014
A Dangerous Method,2011,3,Carl Gustav Jung,Academic,White,0,Male,Michael Fassbender,2000--2014
A Dangerous Method,2011,3,Sigmund Freud,Academic,White,0,Male,Viggo Mortensen,2000--2014
A Dangerous Method,2011,3,Sabina Spielrein,Academic,White,0,Female,Keira Knightley,2000--2014
J. Edgar,2011,1,J. Edgar Hoover,Government,White,0,Male,Leonardo DiCaprio,2000--2014
Kill the Irishman,2011,1,Danny Greene,Criminal,White,0,Male,Ray Stevenson,2000--2014
Machine Gun Preacher,2011,1,Sam Childers,Other,White,0,Male,Gerard Butler,2000--2014
Moneyball,2011,1,Billy Beane,Athlete,White,0,Male,Brad Pitt,2000--2014
My Week with Marilyn,2011,1,Marilyn Monroe,Actress,NA,0,Female,Michelle Williams,2000--2014
Soul Surfer,2011,1,Bethany Hamilton,Athlete,NA,0,Female,AnnaSophia Robb,2000--2014
The Broken Tower,2011,1,Harold Hart Crane,Author (poet),NA,0,Male,James Franco,2000--2014
The Iron Lady,2011,1,Margaret Thatcher,World leader,White,0,Female,Meryl Streep,2000--2014
The Lady,2011,1,Aung San Suu Kyi,Activist,Asian,1,Female,Michelle Yeoh,2000--2014
Winnie Mandela,2011,1,Winnie Mandela,Government,African,1,Female,Jennifer Hudson,2000--2014
127 Hours,2010,1,Aron Ralston,Athlete,NA,0,Male,James Franco,2000--2014
Casino Jack,2010,1,Jack Abramoff,Other,NA,0,Male,Kevin Spacey,2000--2014
Conviction,2010,1,Betty Anne Waters,Other,NA,0,Female,Hilary Swank,2000--2014
Fair Game,2010,1,Valerie Plame,Government,White,0,Female,Naomi Watts,2000--2014
Frankie & Alice,2010,1,Frankie Murdoch,Other,African American,1,Female,Halle Berry,2000--2014
Howl,2010,1,Allen Ginsberg,Author,White,0,Male,James Franco,2000--2014
Mr. Nice,2010,1,Howard Marks,Criminal,NA,0,Male,Rhys Ifans,2000--2014
Sex & Drugs & Rock & Roll,2010,1,Ian Dury,Musician,NA,0,Male,Andy Serkis,2000--2014
The 5th Quarter,2010,1,Jon Abbate,Athlete,NA,0,Male,Ryan Merriman,2000--2014
The Bang Bang Club,2010,4,Greg Marinovich,Media,NA,0,Male,NA,2000--2014
The Bang Bang Club,2010,4,JoÌ£o Silva,Media,White,0,Male,NA,2000--2014
The Bang Bang Club,2010,4,Ken Oosterbroek,Media,NA,0,Male,NA,2000--2014
The Bang Bang Club,2010,4,Kevin Carter,Media,White,0,Male,Taylor Kitsch,2000--2014
The Chameleon,2010,1,FrÌ©dÌ©ric Fortin,Criminal,Multi racial,1,Male,Marc-AndrÌ© Grondin,2000--2014
The Fighter,2010,1,Micky Ward,Athlete,White,0,Male,Mark Wahlberg,2000--2014
The First Grader,2010,1,Kimani Ng‰Ûªang‰Ûªa Maruge,Other,African,1,Male,Oliver Litondo,2000--2014
The Hammer,2010,1,Matt Hamill,Athlete,NA,0,Male,Russell Harvard,2000--2014
The King's Speech,2010,1,King George VI,Historical,White,0,Male,Colin Firth,2000--2014
The Runaways,2010,2,Joan Jett,Musician,White,0,Female,Kristen Stewart,2000--2014
The Runaways,2010,2,Cherie Currie,Musician,NA,0,Female,Dakota Fanning,2000--2014
The Social Network,2010,1,Mark Zuckerberg,Other,NA,0,Male,Jesse Eisenberg,2000--2014
The Whistleblower,2010,1,Kathryn Bolkovac,Other,White,0,Female,Rachel Weisz,2000--2014
VIPs,2010,1,Marcelo Nascimento da Rocha,Criminal,White,0,Male,Wagner Moura,2000--2014
Amelia,2009,1,Amelia Earhart,Other,White,0,Female,Hilary Swank,2000--2014
Bright Star,2009,2,John Keats,Author (poet),White,0,Male,Ben Whishaw,2000--2014
Bright Star,2009,2,Fanny Brawne,Other,NA,0,Female,Abbie Cornish,2000--2014
Creation,2009,1,Charles Darwin,Academic,NA,0,Male,Paul Bettany,2000--2014
Desert Flower,2009,1,Waris Dirie,Activist,African,1,Female,Soraya Omar-Scego (young) and Liya Kebede (older),2000--2014
Everyman's War,2009,1,Don Smith,Military,NA,0,Male,Cole Carson,2000--2014
I Love You Phillip Morris,2009,1,Steven Russell,Criminal,NA,0,Male,Jim Carrey,2000--2014
Invictus,2009,2,Nelson Mandela,World leader,African,1,Male,Morgan Freeman,2000--2014
Invictus,2009,2,FranÌ¤ois Pienaar,Athlete,White,0,Male,Matt Damon,2000--2014
Jean Charles,2009,1,Jean Charles de Menezes,Other,White,0,Male,Selton Mello,2000--2014
Julie & Julia,2009,2,Julia Child,Other,NA,0,Female,Meryl Streep,2000--2014
Julie & Julia,2009,2,Julia Powell,Other,NA,0,Female,Amy Adams,2000--2014
My One and Only,2009,1,George Hamilton,Other,White,0,Male,Logan Lerman,2000--2014
Notorious,2009,1,Christopher Wallace (Biggie Smalls),Musician,Caribbean,1,Male,Jamal Woolard,2000--2014
Nowhere Boy,2009,1,John Lennon,Musician,White,0,Male,Aaron Taylor-Johnson,2000--2014
Public Enemies,2009,1,John Dillinger,Criminal,NA,0,Male,Johnny Depp,2000--2014
The Blind Side,2009,1,Michael Oher,Athlete,African American,1,Male,Quinton Aaron,2000--2014
The Countess,2009,1,ErzsÌ©bet BÌÁthory,Historical,White,0,Female,Julie Delpy,2000--2014
The Damned United,2009,1,Brian Clough,Athlete,NA,0,Male,Michael Sheen,2000--2014
The Last Station,2009,1,Leo Tolstoy,Author,White,0,Male,Christopher Plummer,2000--2014
The Soloist,2009,2,Nathaniel Ayers,Musician,African American,1,Male,Jamie Foxx,2000--2014
The Soloist,2009,2,Steve Lopez,Media,NA,0,Male,"Robert Downey, Jr.",2000--2014
The Young Victoria,2009,1,Victoria,Historical,White,0,Female,Emily Bunt,2000--2014
WhiteLightnin',2009,1,Jesco White,Other,NA,0,Male,Edward Hogg,2000--2014
21,2008,1,Jeff Ma,Other,Asian American,1,Male,Jim Sturgess,2000--2014
A Matador's Mistress,2008,2,Lupe Sino,Actress,Hispanic (White),0,Female,PenÌ©lope Cruz,2000--2014
A Matador's Mistress,2008,2,Manuel RodrÌ_guez SÌÁnchez,Athlete,Hispanic (White),0,Male,Adrien Brody,2000--2014
Bathory: Countess of Blood,2008,1,Elizabeth Bathory,Criminal,White,0,Female,Anna Friel,2000--2014
Bronson,2008,1,Charles Bronson,Criminal,NA,0,Male,Tom Hardy,2000--2014
Cadillac Records,2008,3,Etta James,Singer,African American,1,Female,BeyoncÌ© Knowles,2000--2014
Cadillac Records,2008,3,Muddy Water,Musician,African American,1,Male,Jeffrey Wright,2000--2014
Cadillac Records,2008,3,Leonard Chess,Musician,White,0,Male,Adrien Brody,2000--2014
Cass,2008,1,Cass Pennant,Other,Caribbean,1,Male,Nonso Anozie,2000--2014
Che: Part One,2008,1,Che Guevara,Activist,Hispanic (Latin American),0,Male,Benicio Del Toro,2000--2014
Che: Part Two,2008,1,Che Guevara,Activist,Hispanic (Latin American),0,Male,DemiÌÁn Bichir,2000--2014
Flash of Genius,2008,1,Robert Kearns,Other,NA,0,Male,Greg Kinnear,2000--2014
Hunger,2008,1,Bobby Sands,Activist,White,0,Male,Michael Fassbender,2000--2014
Little Ashes,2008,1,Salvador DalÌ_,Artist,Multi racial,1,Male,Robert Pattinson,2000--2014
Mesrine Part 1: Killer Instinct,2008,1,Jacques Mesrine,Criminal,White,0,Male,Vincent Cassel,2000--2014
Mesrine Part 2: Public Enemy #1,2008,1,Jacques Mesrine,Criminal,White,0,Male,Vincent Cassel,2000--2014
Milk,2008,1,Harvey Milk,Activist,White,0,Male,Sean Penn,2000--2014
Phantom Punch,2008,1,Sonny Liston,Athlete,African American,1,Male,Ving Rhames,2000--2014
Skin,2008,1,Sandra Laing,Other,African,1,Female,Sophie Okonedo,2000--2014
Telstar: The Joe Meek Story,2008,1,Joe Meek,Musician,White,0,Male,Con O'Neill,2000--2014
The Duchess,2008,1,Georgiana Cavendish,Other,White,0,Female,Keira Knightley,2000--2014
The Edge of Love,2008,1,Dylan Thomas,Author (poet),White,0,Male,Matthew Rhys,2000--2014
The Express,2008,1,Ernie Davis,Athlete,African American,1,Male,Rob Brown,2000--2014
The Longshots,2008,1,Jasmine Plummer,Athlete,African American,1,Female,Keke Palmer,2000--2014
The Other Boleyn Girl,2008,2,Anne Boleyn,Historical,White,0,Female,Natalie Portman,2000--2014
The Other Boleyn Girl,2008,2,Mary Boleyn,Historical,White,0,Female,Scarlett Johansson,2000--2014
The Red Baron,2008,1,Baron Manfred von Richthofen,Military,White,0,Male,Matthias SchweighÌ¦fer,2000--2014
Thomas Kinkade's Christmas Cottage,2008,1,Thomas Kinkade,Artist,White,0,Male,Jared Padalecki,2000--2014
W.,2008,1,George W. Bush,World leader,White,0,Male,Josh Brolin,2000--2014
A Mighty Heart,2007,2,Daniel Pearl,Journalist,White,0,Male,Dan Futterman,2000--2014
A Mighty Heart,2007,2,Mariane Pearl,Journalist,Multi racial,1,Female,Angelina Jolie,2000--2014
American Gangster,2007,1,Frank Lucas,Criminal,African American,1,Male,Denzel Washington,2000--2014
An American Crime,2007,2,Gertrude Baniszewski,Criminal,White,0,Female,Catherine Keener,2000--2014
An American Crime,2007,2,Sylvia Likens,Other,NA,0,Female,Ellen Page,2000--2014
Becoming Jane,2007,1,Jane Austen,Author,White,0,Female,Anne Hathaway,2000--2014
Breach,2007,1,Robert Hanssen,Criminal,White,0,Male,Chris Cooper,2000--2014
Charlie Wilson's War,2007,1,Charlie Wilson,Military,NA,0,Male,Tom Hanks,2000--2014
Control,2007,1,Ian Curtis,Musician,NA,0,Male,Sam Riley,2000--2014
Eichmann,2007,1,Adolf Eichmann,Military,White,0,Male,Thomas Kretschmann,2000--2014
Elizabeth: The Golden Age,2007,1,Elizabeth I of England,Historical,White,0,Female,Cate Blanchett,2000--2014
Freedom Writers,2007,1,Erin Gruwell,Other,White,0,Female,Hilary Swank,2000--2014
Gracie,2007,1,Elisabeth Shue,Athlete,White,0,Female,Carly Schroeder,2000--2014
I'm Not There.,2007,1,Bob Dylan,Musician,White,0,Male,-,2000--2014
Into the Wild,2007,1,Christopher McCandless,Athlete,NA,0,Male,Emile Hirsch,2000--2014
La Vie en Rose,2007,1,Ìädith Piaf.,Singer,White,0,Female,Marion Cotillard,2000--2014
Music Within,2007,1,Richard Pimentel,Activist,Multi racial,1,Male,Ron Livingston,2000--2014
Nightwatching,2007,1,Rembrandt,Artist,White,0,Male,Martin Freeman,2000--2014
Persepolis,2007,1,Marjane 'Marji' Satrapi,Activist,Middle Eastern,1,Female,Chiara Mastroianni,2000--2014
Rise of the Footsoldier,2007,1,Carlton Leach,Criminal,NA,0,Male,Ricci Harnett,2000--2014
Talk to Me,2007,1,"Ralph ""Petey"" Greene",Activist,African American,1,Male,Don Cheadle,2000--2014
The Assassination of Jesse James by the Coward Robert Ford,2007,2,Jesse James,Criminal,White,0,Male,Brad Pitt,2000--2014
The Assassination of Jesse James by the Coward Robert Ford,2007,2,Robert Ford,Criminal,NA,0,Male,Casey Affleck,2000--2014
The Color of Freedom,2007,1,James Gregory,Other,White,0,Male,Joseph Fiennes,2000--2014
The Diving Bell and the Butterfly,2007,1,Jean-Dominique Bauby,Media,White,0,Male,Mathieu Amalric,2000--2014
The Great Debaters,2007,1,Melvin Tolson,Academic,African American,1,Male,Denzel Washington,2000--2014
What We Do Is Secret,2007,1,Darby Crash,Singer,NA,0,Male,Shane West,2000--2014
When Did You Last See Your Father?,2007,1,Blake Morrison,Other,White,0,Male,Colin Firth,2000--2014
Alpha Dog,2006,1,Jesse James Hollywood,Criminal,NA,0,Male,Emile Hirsch,2000--2014
Amazing Grace,2006,1,William Wilberforce,Other,White,0,Male,Ioan Gruffudd,2000--2014
Bernard and Doris,2006,2,Bernard Lafferty,Other,White,0,Male,Ralph Fiennes,2000--2014
Bernard and Doris,2006,2,Doris Duke,Other,White,0,Female,Susan Sarandon,2000--2014
Catch a Fire,2006,1,Patrick Chamusso,Activist,African,1,Male,Derek Luke,2000--2014
Copying Beethoven,2006,1,Ludwig van Beethoven,Musician,White,0,Male,Ed Harris,2000--2014
El cantante,2006,1,HÌ©ctor Lavoe,Musician,Hispanic (Latin American),1,Male,Marc Anthony,2000--2014
Factory Girl,2006,1,Edie Sedgwick,Actress,White,0,Female,Sienna Miller,2000--2014
Find Me Guilty,2006,1,Jackie DiNorscio,Criminal,White,0,Male,Vin Diesel,2000--2014
Fur: An Imaginary Portrait of Diane Arbus,2006,1,Diane Arbus,Other,White,0,Female,Nicole Kidman,2000--2014
Glory Road,2006,1,Don Haskins,Athlete,NA,0,Male,"With: Josh Lucas, Derek Luke, Austin Nichols",2000--2014
Goya's Ghosts,2006,1,Francisco Goya,Artist,Hispanic (White),0,Male,Stellan SkarsgÌ´rd,2000--2014
Hollywoodland,2006,1,George Reeves,Actor,NA,0,Male,Ben Affleck,2000--2014
Infamous,2006,1,Truman Capote,Other,NA,0,Male,Toby Jones,2000--2014
Invincible,2006,1,Vince Papale,Athlete,NA,0,Male,Mark Wahlberg,2000--2014
Klimt,2006,1,Gustav Klimt,Artist,White,0,Male,John Malkovich,2000--2014
Marie Antoinette,2006,1,Marie Antoinette,Historical,White,0,Female,Kirsten Dunst,2000--2014
Miss Potter,2006,1,Beatrix Potter,Author,White,0,Female,RenÌ©e Zellweger,2000--2014
One Night with the King,2006,1,Hadassah (Esther),Historical,Middle Eastern (White),0,Female,Tiffany Dupont,2000--2014
Rescue Dawn,2006,1,Dieter Dengler,Military,White,0,Male,Christian Bale,2000--2014
Sixty Six,2006,1,Paul Weiland,Other,NA,0,Male,Gregg Sulkin,2000--2014
The Last King of Scotland,2006,1,Idi Amin,Other,African,1,Male,Forest Whitaker,2000--2014
The Pursuit of Happyness,2006,1,Christopher Gardner,Other,African American,1,Male,Will Smith,2000--2014
The Queen,2006,1,Queen Elizabeth II,Historical,White,0,Female,Helen Mirren,2000--2014
Capote,2005,1,Truman Capote,Author,NA,0,Male,Philip Seymour Hoffman,2000--2014
Cinderella Man,2005,1,James Braddock,Athlete,White,0,Male,Russell Crowe,2000--2014
Domino,2005,1,Domino Harvey,Other,White,0,Female,Keira Knightley,2000--2014
Get Rich or Die Tryin',2005,1,Curtis '50 Cent' Jackson,Singer,African American,1,Male,50 Cent,2000--2014
I Am a Sex Addict,2005,1,Caveh Zahedi,Actor,Middle Eastern,1,Male,Caveh Zahedi,2000--2014
Last Days,2005,1,Kurt Cobain,Musician,White,0,Male,Michael Pitt,2000--2014
Lords of Dogtown,2005,3,Jay Adams,Athlete,NA,0,Male,Emile Hirsch,2000--2014
Lords of Dogtown,2005,3,Tony Alva,Athlete,Hispanic (Latino),1,Male,Victor Rasuk,2000--2014
Lords of Dogtown,2005,3,Stacy Peralta,Athlete,NA,0,Male,John Robinson,2000--2014
Pierrepoint: The Last Hangman,2005,1,Albert Pierrepoint,Other,White,0,Male,Timothy Spall,2000--2014
Self Medicated,2005,1,Monty Lapica,Other,NA,0,Male,Monty Lapica,2000--2014
Stoned,2005,1,Brian Jones,Musician,White,0,Male,Leo Gregory,2000--2014
The New World,2005,1,Pocahontas,Historical,Native American,1,Female,Q'orianka Kilcher,2000--2014
The Notorious Bettie Page,2005,1,Bettie Page,Other,Multi racial,0,Female,Gretchen Mol,2000--2014
"The Prize Winner of Defiance, Ohio",2005,1,Evelyn Ryan,Other,NA,0,Female,Julianne Moore,2000--2014
The Rocket: The Legend of Rocket Richard,2005,1,"Maurice ""The Rocket"" Richard",Athlete,White,0,Male,Roy Dupuis,2000--2014
The World's Fastest Indian,2005,1,"Herbert James ""Burt"" Munro",Athlete,White,0,Male,Anthony Hopkins,2000--2014
Walk the Line,2005,1,Johnny Cash,Musician,White,0,Male,Joaquin Phoenix,2000--2014
Against the Ropes,2004,1,Jackie Kallen,Athlete,NA,0,Female,Meg Ryan,2000--2014
Alexander,2004,1,Alexander the Great,Historical,White,0,Male,Colin Farrell,2000--2014
Beyond the Sea,2004,1,Bobby Darin,Musician,White,0,Male,Kevin Spacey,2000--2014
Bobby Jones: Stroke of Genius,2004,1,Bobby Jones,Athlete,NA,0,Male,Jim Caviezel,2000--2014
Crutch,2004,1,Rob Moretti,Actor,NA,0,Male,Eben Gordon,2000--2014
De-Lovely,2004,1,Cole Porter,Musician,White,0,Male,Kevin Kline,2000--2014
Finding Neverland,2004,1,J.M. Barrie,Author,White,0,Male,Johnny Depp,2000--2014
Kinsey,2004,1,Alfred Kinsey,Academic,White,0,Male,Liam Neeson,2000--2014
Miracle,2004,1,Herb Brooks,Athlete,NA,0,Male,Kurt Russell,2000--2014
Modigliani,2004,1,Amedeo Modigliani,Artist,White,0,Male,Andy Garcia,2000--2014
Ray,2004,1,Ray Charles,Musician,African American,1,Male,Jamie Foxx,2000--2014
The Assassination of Richard Nixon,2004,1,Samuel Byck,Other,NA,0,Male,Sean Penn,2000--2014
The Aviator,2004,1,Howard Hughes,Other,NA,0,Male,Leonardo DiCaprio,2000--2014
The Life and Death of Peter Sellers,2004,1,Peter Sellers,Actor,White,0,Male,Geoffrey Rush,2000--2014
The Motorcycle Diaries,2004,1,Che Guevara,Activist,Hispanic (Latin American),0,Male,Gael GarcÌ_a Bernal,2000--2014
American Splendor,2003,1,Harvey Pekar,Comedian,White,0,Male,Paul Giamatti,2000--2014
Baadasssss!,2003,1,Melvin Van Peebles,Actor,African American,1,Male,Mario Van Peebles,2000--2014
Girl with a Pearl Earring,2003,1,Johannes Vermeer,Artist,White,0,Male,Colin Firth,2000--2014
High Roller: The Stu Ungar Story,2003,1,Stu Ungar,Other,White,0,Male,Michael Imperioli,2000--2014
Luther,2003,1,Martin Luther,Historical,White,0,Male,Joseph Fiennes,2000--2014
Monsieur N.,2003,1,Napoleon Bonaparte,Historical,White,0,Male,Philippe Torreton,2000--2014
Monster,2003,1,Aileen Wuornos,Criminal,NA,0,Female,Charlize Theron,2000--2014
Ned Kelly,2003,1,Ned Kelly,Criminal,White,0,Male,Heath Ledger,2000--2014
Open Water,2003,2,Eileen Lonergan,Other,NA,0,Female,Blanchard Ryan,2000--2014
Open Water,2003,2,Tom Lonergan,Other,NA,0,Male,Daniel Travis,2000--2014
Party Monster,2003,1,Michael Alig,Criminal,NA,0,Male,Macaulay Culkin,2000--2014
Radio,2003,2,"James Robert ""Radio"" Kennedy",Athlete,African American,1,Male,Cuba Gooding Jr,2000--2014
Radio,2003,2,Harold Jones,Athlete,NA,0,Male,Ed Harris,2000--2014
Stander,2003,1,Andre Stander,Other,White,0,Male,Thomas Jane,2000--2014
Stealing Sinatra,2003,2,Barry Keenan,Criminal,NA,0,Male,David Arquette,2000--2014
Stealing Sinatra,2003,2,"Frank Sinatra, Jr.",Other,White,0,Male,Thomas Ian Nicholas,2000--2014
Swimming Upstream,2003,1,Tony Fingleton,Athlete,NA,0,Male,Geoffrey Rush,2000--2014
Sylvia,2003,2,Sylvia Plath,Author (poet),White,0,Female,Gwyneth Paltrow,2000--2014
Sylvia,2003,2,Ted Hughes,Author (poet),White,0,Male,Daniel Craig,2000--2014
The Night We Called It a Day,2003,1,Frank Sinatra,Singer,White,0,Male,Dennis Hopper,2000--2014
The Visual Bible: The Gospel of John,2003,1,Jesus,Historical,Middle Eastern (White),0,Male,Henry Ian Cusick,2000--2014
Thirteen,2003,2,Nikki Reed,Other,White,0,Female,Evan Rachel Wood,2000--2014
Thirteen,2003,2,Catherine Hardwicke,Other,NA,0,Female,Holly Hunter,2000--2014
To Kill a King,2003,2,Oliver Cromwell,Historical,White,0,Male,Tim Roth,2000--2014
To Kill a King,2003,2,Thomas Fairfax,Historical,White,0,Male,Dougray Scott,2000--2014
Veronica Guerin,2003,1,Veronica Guerin,Media,White,0,Female,Cate Blanchett,2000--2014
24 Hour Party People,2002,1,Tony Wilson,Musician,White,0,Male,Steve Coogan,2000--2014
Antwone Fisher,2002,1,Antwone Fisher,Military,African American,1,Male,Derek Luke,2000--2014
Auto Focus,2002,1,"Robert Edward ""Bob"" Crane",Actor,White,0,Male,Greg Kinnear,2000--2014
Baader,2002,1,Andreas Baader,Military,White,0,Male,Frank Giering,2000--2014
Callas Forever,2002,1,Maria Callas,Singer,Mediterranean,0,Female,Fanny Ardant,2000--2014
Catch Me If You Can,2002,1,Frank Abagnale Jr.,Criminal,NA,0,Male,Leonardo DiCaprio,2000--2014
Confessions of a Dangerous Mind,2002,1,Chuck Barris,Actor,NA,0,Male,Sam Rockwell,2000--2014
Dahmer,2002,1,Jeffrey Dahmer,Criminal,White,0,Male,Jeremy Renner,2000--2014
Frida,2002,1,Frida Kahlo,Artist,Hispanic (Latin American),1,Female,Salma Hayek,2000--2014
Muhammad: The Last Prophet,2002,1,Muhammad,Historical,Middle Eastern,1,Male,NA,2000--2014
Ted Bundy,2002,1,Ted Bundy,Criminal,White,0,Male,Michael Reilly Burke,2000--2014
The Pianist,2002,1,Wâadysâaw Szpilman,Musician,White,0,Male,Adrien Brody,2000--2014
The Soul Keeper,2002,2,Carl Gustav Jung,Academic,White,0,Male,Iain Glen,2000--2014
The Soul Keeper,2002,2,Sabina Spielrein,Academic,White,0,Female,Emilia Fox,2000--2014
A Beautiful Mind,2001,1,John Nash,Academic,NA,0,Male,Russell Crowe,2000--2014
Ali,2001,1,Muhammad Ali,Athlete,African American,1,Male,Will Smith,2000--2014
Blow,2001,1,George Jung,Criminal,White,0,Male,Johnny Depp,2000--2014
Bubble Boy,2001,1,David Vetter,Medicine,NA,0,Male,Jake Gyllenhaal,2000--2014
Iris,2001,1,Iris Murdoch,Author,White,0,Female,Judi Dench and Kate Winslet,2000--2014
Mockingbird Don't Sing,2001,1,Genie (pseudonym),Other,NA,0,Female,Tarra Steele,2000--2014
Pandaemonium,2001,2,Samuel Taylor Coleridge,Author (poet),NA,0,Male,Linus Roache,2000--2014
PiÌ±ero,2001,1,Miguel PiÌ±ero,Actor,Hispanic (Latin American),1,Male,Benjamin Bratt,2000--2014
Riding in Cars with Boys,2001,1,Beverly Donofrio,Other,NA,0,Female,Drew Barrymore,2000--2014
The Gaul,2001,1,Vercingetorix,Historical,White,0,Male,Christopher Lambert,2000--2014
The Other Side of Heaven,2001,1,John Groberg,Other,NA,0,Male,Christopher Gorham,2000--2014
Before Night Falls,2000,1,Reinaldo Arenas,Activist,Hispanic (Latin American),1,Male,Javier Bardem,2000--2014
Best,2000,1,George Best,Athlete,White,0,Male,John Lynch,2000--2014
Ed Gein,2000,1,Ed Gein,Criminal,NA,0,Male,Steve Railsback,2000--2014
Erin Brockovich,2000,1,Erin Brockovich,Activist,NA,0,Female,Julia Roberts,2000--2014
Isn't She Great,2000,1,Jacqueline Susann,Author,White,0,Female,Bette Midler,2000--2014
Men of Honor,2000,1,Carl Brashear,Athlete,African American,1,Male,Cuba Gooding Jr,2000--2014
Nora,2000,2,James Joyce,Author,White,0,Male,Ewan McGregor,2000--2014
Nora,2000,2,Nora Barnacle,Other,NA,0,Female,Susan Lynch,2000--2014
Pandaemonium,2000,2,William Wordsworth,Author (poet),NA,0,Male,John Hannah,2000--2014
Pollock,2000,1,Jackson Pollock,Artist,White,0,Male,Ed Harris,2000--2014
Quills,2000,1,Marquis de Sade,Criminal,White,0,Male,Geoffrey Rush,2000--2014
Remember the Titans,2000,1,Herman Boone,Athlete,African American,1,Male,Denzel Washington,2000--2014
Ricky 6,2000,1,"Richard ""Ricky"" Kasso",Criminal,NA,0,Male,Vincent Kartheiser,2000--2014
Steal This Movie,2000,1,Abbie Hoffman,Activist,White,0,Male,Vincent D'Onofrio,2000--2014
The Miracle Maker,2000,1,Jesus,Historical,Middle Eastern (White),0,Male,Ralph Fiennes,2000--2014
Vatel,2000,1,FranÌ¤ois Vatel,Other,White,0,Male,GÌ©rard Depardieu,2000--2014
Boys Don't Cry,1999,1,Brandon Teena,Other,NA,0,Male,Hilary Swank,1965--1999
"Girl, Interrupted",1999,1,Susanna Kaysen,Author,NA,0,Female,Winona Ryder,1965--1999
Grey Owl,1999,1,Grey Owl (Archibald Belaney),Other,Multi racial,1,Male,Pierce Brosnan,1965--1999
Man on the Moon,1999,1,Andy Kaufman,Comedian,NA,0,Male,Jim Carrey,1965--1999
My Life So Far,1999,1,Denis Forman,Other,White,0,Male,Robert Norman,1965--1999
October Sky,1999,1,Homer Hickam,Other,Multi racial,1,Male,Jake Gyllenhaal,1965--1999
The Hurricane,1999,1,"Rubin ""Hurricane"" Carter",Athlete,African American,1,Male,Denzel Washington,1965--1999
The Insider,1999,1,Jeffrey Wigand,Activist,NA,0,Male,Russell Crowe,1965--1999
The Straight Story,1999,1,Alvin Straight,Other,NA,0,Male,Richard Farnsworth,1965--1999
To Walk with Lions,1999,2,George Adamson,Other,NA,0,Male,Richard Harris,1965--1999
To Walk with Lions,1999,2,Tony Fitzjohn,Other,NA,0,Male,John Michie,1965--1999
Topsy-Turvy,1999,2,Arthur Sullivan,Musician,White,0,Male,Allan Corduner,1965--1999
Topsy-Turvy,1999,2,William Schwenck Gilbert,Author,White,0,Male,Jim Broadbent,1965--1999
20 Dates,1998,1,Myles Berkowitz,Other,NA,0,Male,Myles Berkowitz,1965--1999
Dangerous Beauty,1998,1,Veronica Franco,Other,White,0,Female,Catherine McCormack,1965--1999
Elizabeth,1998,1,Elizabeth I of England,Historical,White,0,Female,Cate Blanchett,1965--1999
Finding Graceland,1998,1,Elvis Presley,Musician,White,0,Male,Harvey Keitel,1965--1999
Gods and Monsters,1998,1,James Whale,Other,White,0,Male,Ian McKellen,1965--1999
Hilary and Jackie,1998,2,Jacqueline du PrÌ©,Musician,White,0,Female,Emily Watson,1965--1999
Hilary and Jackie,1998,2,Hilary du PrÌ©-Finzi,Musician,White,0,Female,Rachel Griffiths,1965--1999
Jinnah,1998,1,Mohammad Ali Jinnah,Other,Middle Eastern,1,Male,Christopher Lee,1965--1999
Love Is the Devil: Study for a Portrait of Francis Bacon,1998,1,Francis Bacon,Artist,White,0,Male,Derek Jacobi,1965--1999
Patch Adams,1998,1,"Hunter Doherty ""Patch"" Adams",Medicine,NA,0,Male,Robin Williams,1965--1999
Permanent Midnight,1998,1,Jerry Stahl,Comedian,White,0,Male,Ben Stiller,1965--1999
The General,1998,1,Martin Cahill,Criminal,White,0,Male,Brendan Gleeson,1965--1999
The Prince of Egypt,1998,2,Moses,Historical,Middle Eastern (White),0,Male,Val Kilmer,1965--1999
The Prince of Egypt,1998,2,Ramses,Historical,Middle Eastern (White),0,Male,Ralph Fiennes,1965--1999
Why Do Fools Fall in Love,1998,1,Frankie Lymon,Musician,African American,1,Male,Larenz Tate,1965--1999
Without Limits,1998,1,Steve Prefontaine,Athlete,White,0,Male,Billy Crudup,1965--1999
Behind the Lines,1997,1,Siegfried Loraine Sassoon,Military,Multi racial,0,Male,James Wilby,1965--1999
Donnie Brasco,1997,1,Joe Pistone (alias Donnie Brasco),Government,White,0,Male,Johnny Depp,1965--1999
Kundun,1997,1,Dalai Lama,Activist,Asian,1,Male,Tenzin Thuthob Tsarong,1965--1999
Mrs Brown,1997,1,Victoria,Historical,White,0,Female,Judi Dench,1965--1999
Prefontaine,1997,1,Steve Prefontaine,Athlete,White,0,Male,Jared Leto,1965--1999
Private Parts,1997,1,Howard Stern,Media,White,0,Male,Howard Stern,1965--1999
Selena,1997,1,Selena Quintanilla-Perez,Singer,Hispanic (Latina),1,Female,Jennifer Lopez,1965--1999
Seven Years in Tibet,1997,1,Heinrich Harrer,Other,White,0,Male,Brad Pitt,1965--1999
The Last Time I Committed Suicide,1997,1,Neal Cassady,Author,NA,0,Male,Thomas Jane,1965--1999
Wilde,1997,1,Oscar Wilde,Author,White,0,Male,Stephen Fry,1965--1999
Basquiat,1996,1,Jean-Michel Basquiat,Artist,Multi racial,1,Male,Jeffrey Wright,1965--1999
Death in Granada,1996,1,Garcia Lorca,Author,Hispanic (White),0,Male,Andy Garcia,1965--1999
Evita,1996,1,"Eva ""Evita"" Duarte de Peron",Actress / activist,Hispanic (Latin American),0,Female,Madonna,1965--1999
I Shot Andy Warhol,1996,1,Valerie Solanas,Activist,Hispanic (White),0,Female,Lil Taylor,1965--1999
In Love and War,1996,2,Ernest Hemingway,Media,White,0,Male,Chris O'Donnell,1965--1999
In Love and War,1996,2,Agnes von Kurowsky,Other,White,0,Female,Sandra Bullock,1965--1999
Infinity,1996,1,Richard Feynman,Academic,NA,0,Male,Matthew Broderick,1965--1999
Michael Collins,1996,1,Michael Collins,Activist,White,0,Male,Liam Neeson,1965--1999
Surviving Picasso,1996,1,Francoise Gilot,Artist,White,0,Female,Natascha McElhone,1965--1999
The People vs. Larry Flynt,1996,1,Larry Flynt,Activist,White,0,Male,Woody Harrelson,1965--1999
The Whole Wide World,1996,2,Robert Howard,Author,White,0,Male,Vincent D'Onofrio,1965--1999
The Whole Wide World,1996,2,Novalyne Price,Author,Multi racial,0,Female,RenÌ©e Zellweger,1965--1999
Braveheart,1995,1,William Wallace,Military,White,0,Male,Mel Gibson,1965--1999
Carrington,1995,2,Lytton Strachey,Author,White,0,Male,Jonathan Pryce,1965--1999
Carrington,1995,2,Dora Carrington,Artist,White,0,Female,Emma Thompson,1965--1999
Casino,1995,1,"Frank ""Lefty"" Rosenthal",Criminal,NA,0,Male,Robert De Niro,1965--1999
Dangerous Minds,1995,1,Louanne Johnson,Teacher,White,0,Female,Michelle Pfeiffer,1965--1999
Frank & Jesse,1995,2,Frank James,Criminal,White,0,Male,Bill Paxton,1965--1999
Frank & Jesse,1995,2,Jesse James,Criminal,White,0,Male,Rob Lowe,1965--1999
Jefferson in Paris,1995,1,Thomas Jefferson,Historical,White,0,Male,Nick Nolte,1965--1999
Killer: A Journal of Murder,1995,1,Carl Panzram,Criminal,White,0,Male,James Woods,1965--1999
Nixon,1995,1,Richard Milhous Nixon,World leader,White,0,Male,Anthony Hopkins,1965--1999
Restoration,1995,1,Charles II,Historical,White,0,Male,Sam Neill,1965--1999
Rob Roy,1995,1,Robert Roy MacGregor,Other,White,0,Male,Liam Neeson,1965--1999
The Basketball Diaries,1995,1,Jim Carroll,Author,White,0,Male,Leonardo DiCaprio,1965--1999
Total Eclipse,1995,2,Arthur Rimbaud,Author (poet),NA,0,Male,Leonardo DiCaprio,1965--1999
Total Eclipse,1995,2,Paul Verlaine,Author (poet),NA,0,Male,David Thewlis,1965--1999
Wild Bill,1995,1,Wild Bill Hickok,Historical,White,0,Male,Jeff Bridges,1965--1999
8 Seconds,1994,1,Lane Frost,Athlete,NA,0,Male,Luke Perry,1965--1999
Backbeat,1994,2,John Lennon,Musician,White,0,Male,Ian Hart,1965--1999
Backbeat,1994,2,Stuart Sutcliffe,Musician,White,0,Male,Stephen Dorff,1965--1999
Bandit Queen,1994,1,Phoolan Devi,Criminal,Indian,1,Female,Seema Biswas,1965--1999
Cobb,1994,1,Ty Cobb,Athlete,White,0,Male,Tommy Lee Jones,1965--1999
Ed Wood,1994,1,Edward D. Wood,Other,NA,0,Male,Johnny Depp,1965--1999
Immortal Beloved,1994,1,Ludwig van Beethoven,Musician,White,0,Male,Gary Oldman,1965--1999
Mesmer,1994,1,Franz Anton Mesmer,Medicine,White,0,Male,Alan Rickman,1965--1999
Mrs. Parker and the Vicious Circle,1994,1,Dorothy Parker,Author,White,0,Female,Jennifer Jason Leigh,1965--1999
Nostradamus,1994,1,Nostradamus,Historical,NA,0,Male,TchÌ©ky Karyo,1965--1999
Squanto: A Warrior's Tale,1994,1,Squanto,Historical,Native American,1,Male,Adam Beach,1965--1999
The Madness of King George,1994,1,George III of UK,Historical,White,0,Male,Nigel Hawthorne,1965--1999
Tom & Viv,1994,2,T.S. Eliot,Author,White,0,Male,Willem Dafoe,1965--1999
Tom & Viv,1994,2,Vivienne Haigh-Wood,Author,White,0,Female,Miranda Richardson,1965--1999
Wyatt Earp,1994,1,Wyatt Earp,Other,White,0,Male,Kevin Costner,1965--1999
A Home of Our Own,1993,1,Frances Lacey,Other,NA,0,Female,Kathy Bates,1965--1999
Beyond the Law,1993,1,Dan Black,Other,NA,0,Male,Charlie Sheen,1965--1999
Blue,1993,1,Derek Jarman,Other,NA,0,Male,Derek Jarman,1965--1999
Cannibal! The Musical,1993,1,Alferd Packer,Criminal,NA,0,Male,Trey Parker,1965--1999
Dragon: The Bruce Lee Story,1993,1,Bruce Lee,Athlete,Asian American,1,Male,Jason Scott Lee,1965--1999
Fire in the Sky,1993,1,Travis Walton,Other,NA,0,Male,D.B. Sweeney,1965--1999
Heaven & Earth,1993,1,Le Ly Hayslip,Other,Asian American,1,Female,Hiep Thi Le,1965--1999
In the Name of the Father,1993,1,Gerry Conlon,Other,White,0,Male,Daniel Day-Lewis,1965--1999
Rudy,1993,1,Rudy Ruettiger,Athlete,NA,0,Male,Sean Astin,1965--1999
Schindler's List,1993,1,Oskar Schindler,Other,White,0,Male,Liam Neeson,1965--1999
Searching for Bobby Fischer,1993,1,Josh Waitzkin,Other,NA,0,Male,Max Pomeranc,1965--1999
Shadowlands,1993,2,C.S. Lewis,Author,White,0,Male,Anthony Hopkins,1965--1999
Shadowlands,1993,2,Joy Gresham,Author (poet),White,0,Female,Debra Winger,1965--1999
Thirty Two Short Films About Glenn Gould,1993,1,Glenn Gould,Musician,White,0,Male,Colm Feore,1965--1999
This Boy's Life,1993,1,Tobias Wolff,Other,NA,0,Male,Leonardo DiCaprio,1965--1999
What's Love Got to Do with It,1993,1,Anna Mae Bullock (Tina Turner),Singer,Multi racial,1,Female,Angela Bassett,1965--1999
Wittgenstein,1993,1,Ludwig Wittgenstein,Academic (Philosopher),White,0,Male,Clancy Chassay,1965--1999
American Me,1992,1,Rodolfo Cadena,Criminal,Hispanic (Latino),1,Male,Edward James Olmos,1965--1999
Chaplin,1992,1,Charles Spencer Chaplin,Comedian,White,0,Male,Robert Downey Jr.,1965--1999
Christopher Columbus: The Discovery,1992,1,Christopher Columbus,Other,White,0,Male,Georges Corraface,1965--1999
Hoffa,1992,1,Jimmy Hoffa,Activist,White,0,Male,Jack Nicholson,1965--1999
Malcolm X,1992,1,Malcolm X,Activist,African American,1,Male,Denzel Washington,1965--1999
Swoon,1992,2,Nathan Leopold Jr.,Criminal,White,0,Male,Craig Chester,1965--1999
Swoon,1992,2,Richard Loeb,Criminal,White,0,Male,Daniel Schlachet,1965--1999
The Babe,1992,1,Babe Ruth,Athlete,White,0,Male,John Goodman,1965--1999
The Best Intentions,1992,2,Erik Bergman,Other,NA,0,Male,"With: Samuel FrÌÄå¦ler, Pernilla August, Max von Sydow",1965--1999
The Best Intentions,1992,2,Karin ÌÉkerblom,Other,NA,0,Female,NA,1965--1999
The Long Day Closes,1992,1,Terence Davies,Other,White,0,Male,Leigh McCormack,1965--1999
The Lover,1992,1,Marguerite Duras,Other,White,0,Female,Jane March,1965--1999
Bugsy,1991,1,Ben 'Bugsy' Siegel,Criminal,White,0,Male,Warren Beatty,1965--1999
Impromptu,1991,2,FrÌ©dÌ©ric FranÌ¤ois Chopin,Musician,White,0,Male,Hugh Grant,1965--1999
Impromptu,1991,2,George Sand / Aurore,Other,White,0,Female,Judy Davis,1965--1999
The Doors,1991,1,Jim Morrison,Singer,White,0,Male,Vil Kilmer,1965--1999
The Pistol: The Birth of a Legend,1991,1,Pete Maravich,Athlete,White,0,Male,Adam Guier,1965--1999
An Angel at My Table,1990,1,Janet Frame,Author,White,0,Female,Kerry Fox,1965--1999
Awakenings,1990,1,Oliver Sacks,Medicine,White,0,Male,Robin Williams,1965--1999
Goodfellas,1990,1,Henry Hill,Criminal,White,0,Male,Ray Liotta,1965--1999
Henry & June,1990,3,Henry Miller,Author,White,0,Male,Fred Ward,1965--1999
Henry & June,1990,3,AnaÌøs Nin,Author,White,0,Female,Maria de Medeiros,1965--1999
Henry & June,1990,3,June Miller,Other,White,0,Female,Uma Thurman,1965--1999
Korczak,1990,1,Janusz Korczak,Other,White,0,Male,Wojciech Pszoniak,1965--1999
Reversal of Fortune,1990,2,Claus von BÌ_low,Other,White,0,Male,Jeremy Irons,1965--1999
Reversal of Fortune,1990,2,Sunny von BÌ_low,Other,White,0,Female,Glenn Close,1965--1999
The Krays,1990,2,Reginald Kray,Criminal,Multi racial,0,Male,NA,1965--1999
The Krays,1990,2,Ronald Kray,Criminal,Multi racial,0,Male,"With: Gary Kemp, Martin Kemp, Billie Whitelaw",1965--1999
Vincent & Theo,1990,2,Theo van Gogh,Other,White,0,Male,Paul Rhys,1965--1999
Vincent & Theo,1990,2,Vincent Van Gogh,Artist,White,0,Male,Tim Roth,1965--1999
Blaze,1989,1,Earl Long,Politician,White,0,Male,Paul Newman,1965--1999
Born on the Fourth of July,1989,1,Ron Kovic,Military / activist,NA,0,Male,Tom Cruise,1965--1999
Chattahoochee,1989,1,Emmett Foley,Military,NA,0,Male,Gary Oldman,1965--1999
Communion,1989,1,Whitley Strieber,Other,NA,0,Male,Christopher Walken,1965--1999
Fat Man and Little Boy,1989,2,Leslie Groves,Military,White,0,Male,Paul Newman,1965--1999
Fat Man and Little Boy,1989,2,Robert Oppenheimer,Academic,White,0,Male,Dwight Schultz,1965--1999
Great Balls of Fire!,1989,1,Jerry Lee Lewis,Musician,NA,0,Male,Dennis Quaid,1965--1999
Henry V,1989,1,Henry V of England,Historical,White,0,Male,Kenneth Branagh,1965--1999
My Left Foot,1989,1,Christy Brown,Artist,White,0,Male,Daniel Day-Lewis,1965--1999
Romero,1989,1,Oscar Romero,Other,Hispanic (Latin American),0,Male,Raul Julia,1965--1999
Triumph of the Spirit,1989,1,Salamo Arouch,Athlete,White,0,Male,Willem Dafoe,1965--1999
Wired,1989,1,John Belushi,Comedian,NA,0,Male,Michael Chiklis,1965--1999
Bird,1988,1,"Charlie ""Bird"" Parker",Musician,Multi racial,1,Male,Forest Whitaker,1965--1999
Bloodsport,1988,1,Frank Dux,Athlete,NA,0,Male,Jean-Claude Van Damme,1965--1999
Buster,1988,1,Buster Edwards,Criminal,NA,0,Male,Phil Collins,1965--1999
Gorillas in the Mist,1988,1,Dian Fossey,Academic,NA,0,Female,Sigourney Weaver,1965--1999
Patty Hearst,1988,1,Patty Hearst,Other,White,0,Female,Natasha Richardson,1965--1999
Salome's Last Dance,1988,1,Oscar Wilde,Author,White,0,Male,Nickolas Grace,1965--1999
The Wizard of Speed and Time,1988,1,Mike Jittlov,Other,NA,0,Male,Mike Jittlov,1965--1999
Tucker: The Man and His Dream,1988,1,Preston Tucker,Other,NA,0,Male,Jeff Bridges,1965--1999
84 Charing Cross Road,1987,2,Frank Doel,Author,NA,0,Male,Anthony Hopkins,1965--1999
84 Charing Cross Road,1987,2,Helene Hanff,Author,NA,0,Female,Anne Bancroft,1965--1999
Cry Freedom,1987,1,Steve Biko,Activist,African,1,Male,Denzel Washington,1965--1999
"Good Morning, Vietnam",1987,1,Adrian Cronauer,Media,NA,0,Male,Robin Williams,1965--1999
La Bamba,1987,1,Ritchie Valens,Musician,Hispanic (Latino),1,Male,Lou Diamond Phillips,1965--1999
Prick Up Your Ears,1987,2,Joe Orton,Author,NA,0,Male,Gary Oldman,1965--1999
Prick Up Your Ears,1987,2,Kenneth Halliwell,Other,NA,0,Male,Alfred Molina,1965--1999
The Last Emperor,1987,1,Henry Pu Yi,World leader,Asian,1,Male,John Lone,1965--1999
Walker,1987,1,William Walker,Other,White,0,Male,Ed Harris,1965--1999
Caravaggio,1986,1,Michelangelo Merisi de Caravaggio,Artist,White,0,Male,Multiple,1965--1999
"Jo Jo Dancer, Your Life Is Calling",1986,1,Richard Pryor,Comedian,African American,1,Male,Richard Pryor,1965--1999
Lady Jane,1986,1,Lady Jane Grey,Historical,NA,0,Female,Helena Bonham Carter,1965--1999
Sid and Nancy,1986,2,Sid Vicious,Singer,NA,0,Male,Gary Oldman,1965--1999
Sid and Nancy,1986,2,Nancy Spungen,Other,NA,0,Female,Chloe Webb,1965--1999
The Boy in Blue,1986,1,Ned Hanlan,Athlete,White,0,Male,Nicolas Cage,1965--1999
Dance with a Stranger,1985,1,Ruth Ellis,Criminal,NA,0,Female,Miranda Richardson,1965--1999
Dreamchild,1985,1,Alice Liddell Hargreaves,Other,NA,0,Female,Coral Browne,1965--1999
King David,1985,1,David,Historical,Middle Eastern (White),0,Male,Richard Gere,1965--1999
Mask,1985,1,"Roy Lee ""Rocky"" Dennis",Other,White,0,Male,Eric Stolz,1965--1999
Mishima: A Life in Four Chapters,1985,1,Yukio Mishima,Author,Asian,1,Male,Ken Ogata,1965--1999
Out of Africa,1985,1,Karen Blixen,Other,White,0,Female,Meryl Streep,1965--1999
Sweet Dreams,1985,1,Patsy Cline,Singer,White,0,Female,Jessica Lange,1965--1999
The Falcon and the Snowman,1985,1,Christopher Boyce,Criminal,NA,0,Male,Timothy Hutton,1965--1999
Amadeus,1984,2,Antonio Salieri,Musician,White,0,Male,F. Murray Abraham,1965--1999
Amadeus,1984,2,Wolfgang Amadeus Mozart,Musician,White,0,Male,Tom Hulce,1965--1999
Another Country,1984,1,Guy Burgess,Military,NA,0,Male,Rupert Everett,1965--1999
Cross Creek,1983,1,Marjorie Kinnan Rawlings,Author,NA,0,Female,Mary Steenburgen,1965--1999
Heart Like a Wheel,1983,1,Shirley Muldowney,Athlete,White,0,Female,Bonnie Bedelia,1965--1999
Silkwood,1983,1,Karen Silkwood,Activist,NA,0,Female,Meryl Streep,1965--1999
Star 80,1983,1,Dorothy Stratten,Actress,White,0,Female,Mariel Hemingway,1965--1999
Frances,1982,1,Frances Farmer,Actress,White,0,Female,Jessica Lange,1965--1999
Gandhi,1982,1,Mahatma Gandhi,Activist,Indian,1,Male,Ben Kingsley,1965--1999
If You Could See What I Hear,1982,1,Tom Sullivan,Singer,White,0,Male,Marc Singer,1965--1999
The Entity,1982,1,Doris Bither,Other,NA,0,Female,Barbara Hershey,1965--1999
The Grey Fox,1982,1,Bill Miner,Other,NA,0,Male,Richard Farnsworth,1965--1999
Downtown 81,1981,1,Jean-Michel Basquiat,Artist,Multi racial,1,Male,Jean Michel Basquiat,1965--1999
Lion of the Desert,1981,1,Omar Mukhtar,Activist,Middle Eastern,1,Male,Anthony Quinn,1965--1999
Mommie Dearest,1981,1,Joan Crawford,Actress,White,0,Female,Faye Dunaway,1965--1999
My Dinner with Andre,1981,2,Andre Gregory,Actor,White,0,Male,Andre Gregory,1965--1999
My Dinner with Andre,1981,2,Wallace Shawn,Actor,White,0,Male,Wallace Shawn,1965--1999
Reds,1981,1,John Reed,Media,White,0,Male,Warren Beaty,1965--1999
The Man Who Saw Tomorrow,1981,1,Michel de Nostredame,Academic,White,0,Male,Richard Butler,1965--1999
This Is Elvis,1981,1,Elvis Presley,Musician,White,0,Male,Multiple,1965--1999
Coal Miner's Daughter,1980,1,Loretta Lynn,Singer,Multi racial,1,Female,Sissy Spacek,1965--1999
Raging Bull,1980,1,Jake LaMotta,Athlete,White,0,Male,Robert De Niro,1965--1999
The Elephant Man,1980,1,Joseph Merrick,Other,White,0,Male,John Hurt,1965--1999
The Hunter,1980,1,"Ralph ""Papa"" Thorson",Other,NA,0,Male,Steve McQueen,1965--1999
The Idolmaker,1980,1,Bob Marcucci,Other,NA,0,Male,Ray Sharkey,1965--1999
Where the Buffalo Roam,1980,1,Hunter S. Thompson,Media,NA,0,Male,Bill Murray,1965--1999
Escape from Alcatraz,1979,3,Clarence Anglin,Criminal,NA,0,Male,Jack Thibeau,1965--1999
Escape from Alcatraz,1979,3,Frank Morris,Criminal,NA,0,Male,Clint Eastwood,1965--1999
Escape from Alcatraz,1979,3,John Anglin,Criminal,NA,0,Male,Fred Ward,1965--1999
Meetings with Remarkable Men,1979,1,G.I. Gurdjieff,Other,White,0,Male,Dragan Maksimovic,1965--1999
The Jesus Film,1979,1,Jesus,Historical,Middle Eastern (White),0,Male,Brian Deacon,1965--1999
Midnight Express,1978,1,Billy Hayes,Criminal,NA,0,Male,Brad Davis,1965--1999
The Buddy Holly Story,1978,1,Buddy Holly,Singer,Multi racial,0,Male,Gary Busey,1965--1999
Greased Lightning,1977,1,Wendell Scott,Athlete,African American,1,Male,Richard Pryor,1965--1999
Hitler: A Film from Germany,1977,1,Adolf Hitler,Military,White,0,Male,Heinz Schubert,1965--1999
MacArthur,1977,1,Douglas MacArthur,Military,White,0,Male,Gregory Peck,1965--1999
The Greatest,1977,1,Muhammad Ali,Athlete,African American,1,Male,Muhammad Ali,1965--1999
The Message,1977,1,Muhammad,Historical,Middle Eastern,1,Male,Anthony Quinn,1965--1999
Valentino,1977,1,Rudolph Valentino,Actor,White,0,Male,Rudolf Nureyev,1965--1999
Viva Knievel!,1977,1,Evel Knievel,Athlete,White,0,Male,Evel Knievel,1965--1999
Bound for Glory,1976,1,Woody Guthrie,Singer,White,0,Male,David Carradine,1965--1999
Fellini's Casanova,1976,1,Giacomo Casanova,Historical,White,0,Male,Donald Sutherland,1965--1999
Capone,1975,1,Al Capone,Criminal,White,0,Male,Ben Gazzara,1965--1999
Lisztomania,1975,1,Franz Liszt,Musician,White,0,Male,Roger Daltrey,1965--1999
The Happy Hooker,1975,1,Xaviera Hollander,Other,White,0,Female,Lynn Redgrave,1965--1999
The Other Side of the Mountain,1975,1,Jill Kinmont,Athlete,NA,0,Female,Marilyn Hassett,1965--1999
Walking Tall Part II,1975,1,Buford Pusser,Other,NA,0,Male,Bo Svenson,1965--1999
Lenny,1974,1,Lenny Bruce,Comedian,White,0,Male,Dustin Hoffman,1965--1999
Mahler,1974,2,Gustav Mahler,Musician,White,0,Male,Robert Powell,1965--1999
Mahler,1974,2,Alma Mahler,Other,NA,0,Female,Georgina Hale,1965--1999
Dillinger,1973,1,John Dillinger,Criminal,NA,0,Male,Warren Oates,1965--1999
Hitler: The Last Ten Days,1973,1,Adolf Hitler,Military,White,0,Male,Alec Guinness,1965--1999
Lucky Luciano,1973,1,Charles Luciano,Criminal,White,0,Male,Gian Maria VolontÌ©,1965--1999
Papillon,1973,1,"Henri ""Papillon"" CharriÌ¬re",Criminal,White,0,Male,Steve McQueen,1965--1999
Serpico,1973,1,Frank Serpico,Other,White,0,Male,Al Pacino,1965--1999
"Brother Sun, Sister Moon",1972,1,St. Francis of Assisi,Historical,White,0,Male,Graham Faulkner,1965--1999
Ciao Manhattan,1972,1,Edie Sedgwick,Actress,White,0,Female,Edie Sedgwick,1965--1999
Lady Sings the Blues,1972,1,Billie Holiday,Musician,African American,1,Female,Diana Ross,1965--1999
My Childhood,1972,1,Bill Douglas,Other,NA,0,Male,Stephen Archibald,1965--1999
Savage Messiah,1972,1,Henri Gaudier-Brzeska,Artist,NA,0,Male,Scott Antony,1965--1999
The Assassination of Trotsky,1972,1,Leon Trotsky,Activist,White,0,Male,Richard Burton,1965--1999
Young Winston,1972,1,Winston Churchill,World leader,White,0,Male,Simon Ward,1965--1999
10 Rillington Place,1971,1,John Christie,Criminal,NA,0,Male,Richard Attenborough,1965--1999
Evel Knievel,1971,1,Evel Knievel,Athlete,White,0,Male,George Hamilton,1965--1999
"Mary, Queen of Scots",1971,1,"Mary Stuart, Queen of Scots",Historical,White,0,Female,Vanessa Redgrave,1965--1999
Nicholas and Alexandra,1971,2,Tsarina Alexandra (Feodorovna),Historical,White,0,Female,Janet Suzman,1965--1999
Nicholas and Alexandra,1971,2,Tsar Nicholas II,Historical,White,0,Male,Michael Jayston,1965--1999
Von Richthofen and Brown,1971,2,Manfred von Richtofen,Military,White,0,Male,John Phillip Law,1965--1999
Von Richthofen and Brown,1971,2,Roy Brown,Military,White,0,Male,Don Stroud,1965--1999
Chisum,1970,1,John Chisum,Other,NA,0,Male,John Wayne,1965--1999
Cromwell,1970,1,Oliver Cromwell,Historical,White,0,Male,Richard Harris,1965--1999
Patton,1970,1,George Patton,Military,White,0,Male,George Scott,1965--1999
The Cross and the Switchblade,1970,1,David Wilkerson,Other,NA,0,Male,Pat Boone,1965--1999
The Music Lovers,1970,1,Peter Ilych Tchaikovsky,Musician,White,0,Male,Richard Chamberlain,1965--1999
Butch Cassidy and the Sundance Kid,1969,2,Butch Cassidy (Robert Leroy Parker),Criminal,White,0,Male,Paul Newman,1965--1999
Butch Cassidy and the Sundance Kid,1969,2,Harry Longabaugh,Criminal,White,0,Male,Robert Redford,1965--1999
Che!,1969,1,Che Guevara,Activist,Hispanic (Latin American),0,Male,Omar Sharif,1965--1999
Funny Girl,1968,1,Fanny Brice,Actress,White,0,Female,Barbra Streisand,1965--1999
Isadora,1968,1,Isadora Duncan,Artist,NA,0,Female,Vanessa Redgrave,1965--1999
Star!,1968,1,Gertrude Lawrence,Actress,White,0,Female,Julie Andrews,1965--1999
Bonnie and Clyde,1967,2,Clyde Barrow,Criminal,NA,0,Male,Warren Beatty,1965--1999
Bonnie and Clyde,1967,2,Bonnie Parker,Criminal,NA,0,Female,Faye Dunaway,1965--1999
Custer of the West,1967,1,George Armstrong Custer,Military,White,0,Male,Robert Shaw,1965--1999
A Man for All Seasons,1966,1,Thomas More,Historical,White,0,Male,Paul Scofield,1965--1999
Rasputin: The Mad Monk,1966,1,Grigori Rasputin,Other,White,0,Male,Christopher Lee,1965--1999
The Singing Nun,1966,1,Jeanne Deckers,Musician,White,0,Female,Debbie Reynolds,1965--1999
Harlow,1965,1,Jean Harlow,Actress,White,0,Female,Carroll Baker,1965--1999
The Greatest Story Ever Told,1965,1,Jesus,Historical,Middle Eastern (White),0,Male,Max von Sydow,1965--1999
The Sound of Music,1965,1,Maria von Trapp,Singer,White,0,Female,Julie Andrews,1965--1999
Young Cassidy,1965,1,Sean O'Casey,Author,White,0,Male,Rod Taylor,1965--1999
Becket,1964,2,King Henry II,Historical,White,0,Male,Peter O'Toole,1915--1965
Becket,1964,2,Thomas Becket,Historical,White,0,Male,NA,1915--1965
The Unsinkable Molly Brown,1964,1,Molly Brown,Other,White,0,Female,Debbie Reynolds,1915--1965
Your Cheatin' Heart,1964,1,Hank Williams,Musician,NA,0,Male,George Hamilton,1915--1965
Cleopatra,1963,1,Cleopatra,Historical,Middle Eastern,1,Female,Elizabeth Taylor,1915--1965
PT 109,1963,1,John F. Kennedy,Military,White,0,Male,Cliff Robertson,1915--1965
Birdman of Alcatraz,1962,1,Robert Franklin Stroud,Criminal,NA,0,Male,Burt Lancaster,1915--1965
Freud,1962,1,Sigmund Freud,Academic,White,0,Male,Montgomery Clift,1915--1965
Geronimo,1962,1,Geronimo,Military,Native American,1,Male,Chuck Connors,1915--1965
Gypsy,1962,2,Gypsy Rose Lee,Artist,White,0,Female,Natalie Wood,1915--1965
Gypsy,1962,2,Rose Thompson Hovick,Other,White,0,Female,Rosalind Russell,1915--1965
Lawrence of Arabia,1962,1,Thomas Edward Lawrence,Military,White,0,Male,Peter O'Toole,1915--1965
The Miracle Worker,1962,2,Helen Keller,Other,White,0,Female,Patty Duke,1915--1965
The Miracle Worker,1962,2,Annie Sullivan,Other,White,0,Female,Anne Bancroft,1915--1965
Barabbas,1961,1,Barabbas,Historical,White,0,Male,Anthony Quinn,1915--1965
El Cid,1961,1,Rodrigo Diaz,Historical,Hispanic (White),0,Male,Charlton Heston,1915--1965
Francis of Assisi,1961,1,Francis Bernardone,Historical,White,0,Male,Bradford Dillman,1915--1965
King of Kings,1961,1,Jesus,Historical,Middle Eastern (White),0,Male,Jeffrey Hunter,1915--1965
The Wonderful World of the Brothers Grimm,1961,2,Jacob Grimm,Author,White,0,Male,Karlheinz BÌ¦hm,1915--1965
The Wonderful World of the Brothers Grimm,1961,2,Wilhelm Grimm,Author,White,0,Male,Laurence Harvey,1915--1965
Hell to Eternity,1960,1,Guy Gabaldon,Military,Hispanic (Latino),1,Male,Jeffrey Hunter,1915--1965
"Murder, Inc.",1960,1,Burton Turkus,Other,NA,0,Male,Henry Morgan,1915--1965
Spartacus,1960,1,Spartacus,Historical,NA,0,Male,Kirk Douglas,1915--1965
Sunrise at Campobello,1960,1,Franklin Roosevelt,World leader,White,0,Male,Ralph Bellamy,1915--1965
The Gallant Hours,1960,1,"William F. ""Bull"" Halsey, Jr.",Military,White,0,Male,James Cagney,1915--1965
The Trials of Oscar Wilde,1960,1,Oscar Wilde,Author,White,0,Male,Peter Finch,1915--1965
Al Capone,1959,1,Al Capone,Criminal,White,0,Male,Rod Steiger,1915--1965
Compulsion,1959,2,Nathan Leopold Jr.,Criminal,White,0,Male,Dean Stockwell/Bradford Dillman,1915--1965
Compulsion,1959,2,Richard Loeb,Criminal,White,0,Male,Dean Stockwell/Bradford Dillman,1915--1965
John Paul Jones,1959,1,John Paul Jones,Military,White,0,Male,Robert Stack,1915--1965
The Diary of Anne Frank,1959,1,Anne Frank,Other,White,0,Female,Millie Perkins,1915--1965
The Five Pennies,1959,1,"Loring ""Red"" Nichols",Musician,NA,0,Male,Danny Kaye,1915--1965
Carve Her Name with Pride,1958,1,Violette Bushell Szabo,Military,White,0,Female,Virginia McKenna,1915--1965
I Want to Live!,1958,1,Barbara Graham,Criminal,NA,0,Female,Susan Hayward,1915--1965
Machine-Gun Kelly,1958,1,George Kelly,Criminal,NA,0,Male,Charles Bronson,1915--1965
The Inn of the Sixth Happiness,1958,1,Gladys Aylward,Other,White,0,Female,Ingrid Bergman,1915--1965
The Left Handed Gun,1958,1,Henry McCarty (Billy the Kid),Criminal,White,0,Male,Paul Newman,1915--1965
Battle Hymn,1957,1,Dean Hess,Military,NA,0,Male,Rock Hudson,1915--1965
Fear Strikes Out,1957,1,Jimmy Piersall,Athlete,NA,0,Male,Anthony Perkins,1915--1965
Man of a Thousand Faces,1957,1,Lon Chaney,Actor,White,0,Male,James Cagney,1915--1965
Saint Joan,1957,1,Joan of Arc,Historical,White,0,Female,Jean Seberg,1915--1965
The Spirit of St. Louis,1957,1,Charles 'Slim' Lindbergh,Other,White,0,Male,James Stewart,1915--1965
The True Story of Jesse James,1957,1,Jesse James,Criminal,White,0,Male,Robert Wagner,1915--1965
The Wings of Eagles,1957,1,"Frank W. ""Spig"" Wead",Military,NA,0,Male,John Wayne,1915--1965
Alexander the Great,1956,1,Alexander the Great,Historical,White,0,Male,Richard Burton,1915--1965
Anastasia,1956,1,Anna Anderson / Anastasia,Other,White,0,Female,Ingrid Bergman,1915--1965
Lust for Life,1956,1,Vincent van Gogh,Artist,White,0,Male,Kirk Douglas,1915--1965
Reach for the Sky,1956,1,Douglas Bader,Military,NA,0,Male,Kenneth More,1915--1965
Somebody Up There Likes Me,1956,1,Rocky Graziano,Athlete,White,0,Male,Paul Newman,1915--1965
The Benny Goodman Story,1956,1,Benny Goodman,Musician,White,0,Male,Steve Allen,1915--1965
The Conqueror,1956,1,Temujin (Genghis Khan),Military,Asian,1,Male,John Wayne,1915--1965
The Eddy Duchin Story,1956,1,Eddy Duchin,Musician,NA,0,Male,Tyrone Power,1915--1965
The King and I,1956,1,Anna Leonowens,Other,Multi racial,0,Female,Deborah Kerr,1915--1965
The Ten Commandments,1956,1,Moses,Historical,Middle Eastern (White),0,Male,Charlton Heston,1915--1965
A Man Called Peter,1955,1,Peter Marshall,Other,White,0,Male,Richard Todd,1915--1965
I'll Cry Tomorrow,1955,1,Lillian Roth,Actress,White,0,Female,Susan Hayward,1915--1965
Interrupted Melody,1955,1,Marjorie Lawrence,Singer,White,0,Female,Eleanor Parker,1915--1965
Love Is a Many-Splendored Thing,1955,1,Han Suyin,Other,Eurasian,1,Female,Jennifer Jones,1915--1965
Love Me or Leave Me,1955,1,Ruth Etting,Singer,NA,0,Female,Doris Day,1915--1965
Richard III,1955,1,Richard III of England,Historical,White,0,Male,Laurence Olivier,1915--1965
The Court-Martial of Billy Mitchell,1955,1,Billy Mitchell,Military,White,0,Male,Gary Cooper,1915--1965
The Girl in the Red Velvet Swing,1955,1,Evelyn Nesbit (Thaw),Actress,White,0,Female,Joan Collins,1915--1965
The Long Gray Line,1955,1,Marty Maher,Military,White,0,Male,Tyrone Power,1915--1965
The Seven Little Foys,1955,1,"Eddie Foy, Sr.",Actor,White,0,Male,Bob Hope,1915--1965
To Hell and Back,1955,1,Audie Murphy,Military,White,0,Male,Audie Murphy,1915--1965
Beau Brummell,1954,1,George Brummell,Other,White,0,Male,Stewart Granger,1915--1965
DÌ©sirÌ©e,1954,2,DÌ©sirÌ©e Clary,Historical,White,0,Female,Jean Simmons,1915--1965
DÌ©sirÌ©e,1954,2,Napoleon Bonaparte,Historical,White,0,Male,Marlon Brando,1915--1965
His Majesty O'Keefe,1954,1,David Dion O'Keefe,Other,White,0,Male,Burt Lancaster,1915--1965
The Glenn Miller Story,1954,1,Glenn Miller,Musician,White,0,Male,James Stewart,1915--1965
Houdini,1953,1,Harry Houdini,Other,White,0,Male,Tony Curtis,1915--1965
The Actress,1953,1,Ruth Gordon Jones,Actress,NA,0,Female,Jean Simmons,1915--1965
The Lawless Breed,1953,1,John Wesley Hardin,Criminal,NA,0,Male,Rock Hudson,1915--1965
Young Bess,1953,1,Elizabeth I,Historical,White,0,Female,Jean Simmons,1915--1965
Above and Beyond,1952,1,Paul Tibbets,Military,NA,0,Male,Robert Taylor,1915--1965
Carbine Williams,1952,1,David Marshall Williams,Other,NA,0,Male,James Stewart,1915--1965
Hans Christian Andersen,1952,1,Hans Christian Andersen,Author,White,0,Male,Danny Kaye,1915--1965
Million Dollar Mermaid,1952,1,Annette Kellerman,Athlete,White,0,Female,Esther Williams,1915--1965
Moulin Rouge,1952,1,Henri de Toulouse-Lautrec,Artist,NA,0,Male,JosÌ© Ferrer,1915--1965
Stars and Stripes Forever,1952,1,John Philip Sousa,Musician,White,0,Male,Clifton Webb,1915--1965
The Winning Team,1952,1,Grover Cleveland Alexander,Athlete,White,0,Male,Ronald Reagan,1915--1965
Viva Zapata!,1952,1,Emiliano Zapata,Activist,Hispanic (Latin American),1,Male,Marlon Brando,1915--1965
With a Song in My Heart,1952,1,Jane Froman,Musician,NA,0,Female,Susan Hayward,1915--1965
I'll See You in My Dreams,1951,1,Gus Kahn,Musician,White,0,Male,Danny Thomas,1915--1965
Jim Thorpe -- All-American,1951,1,Jim Thorpe,Athlete,Native American,1,Male,Burt Lancaster,1915--1965
Quo Vadis,1951,2,Lygia,Historical,White,0,Female,Deborah Kerr,1915--1965
Quo Vadis,1951,2,Marcus Vinicius,Historical,White,0,Male,Robert Taylor,1915--1965
The Desert Fox: The Story of Rommel,1951,1,Erwin Rommel,Military,White,0,Male,James Mason,1915--1965
The Great Caruso,1951,1,Enrico Caruso,Musician,White,0,Male,Mario Lanza,1915--1965
The Magic Box,1951,1,William Friese-Greene,Other,NA,0,Male,Robert Donat,1915--1965
Annie Get Your Gun,1950,1,Annie Oakley,Athlete,White,0,Female,Betty Hutton,1915--1965
The Jackie Robinson Story,1950,1,Jackie Robinson,Athlete,African American,1,Male,Jackie Robinson,1915--1965
Three Little Words,1950,2,Bert Kalmar,Musician,White,0,Male,Fred Astaire,1915--1965
Three Little Words,1950,2,Harry Ruby,Musician,White,0,Male,Red Skelton,1915--1965
Young Man with a Horn,1950,1,Bix Beiderbecke,Musician,White,0,Male,Kirk Douglas,1915--1965
The Stratton Story,1949,1,Monty Stratton,Athlete,NA,0,Male,James Stewart,1915--1965
Joan of Arc,1948,1,Joan of Arc,Historical,White,0,Female,Ingrid Bergman,1915--1965
Scott of the Antarctic,1948,1,Robert Falcon Scott,Other,White,0,Male,John Mills,1915--1965
The Babe Ruth Story,1948,1,Babe Ruth,Athlete,White,0,Male,William Bendix,1915--1965
Words and Music,1948,2,Lorenz Hart,Musician,White,0,Male,Mickey Rooney,1915--1965
Words and Music,1948,2,Richard Rogers,Musician,White,0,Male,Tom Drake,1915--1965
The Perils of Pauline,1947,1,Pearl White,Actress,NA,0,Female,Betty Hutton,1915--1965
Anna and the King of Siam,1946,1,Anna Leonowens,Other,Multi racial,0,Female,Irene Dunne,1915--1965
Devotion,1946,3,Charlotte Bronte,Author,White,0,Female,Olivia de Havilland,1915--1965
Devotion,1946,3,Emily Bronte,Author,White,0,Female,Ida Lupino,1915--1965
Devotion,1946,3,Anne Bronte,Author,White,0,Female,Nancy Coleman,1915--1965
Night and Day,1946,1,Cole Porter,Musician,NA,0,Male,Cary Grant,1915--1965
Sister Kenny,1946,1,Elizabeth Kenny,Medicine,White,0,Female,Rosalind Russell,1915--1965
The Jolson Story,1946,1,Al Jolson,Musician,White,0,Male,Larry Parks,1915--1965
Till the Clouds Roll By,1946,1,Jerome Kern,Musician,White,0,Male,Robert Walker,1915--1965
A Song to Remember,1945,1,Frederic Chopin,Musician,White,0,Male,Cornel Wilde,1915--1965
Caesar and Cleopatra,1945,2,Julius Caesar,Historical,White,0,Male,Claude Rains,1915--1965
Caesar and Cleopatra,1945,2,Cleopatra,Historical,Middle Eastern,1,Female,Vivien Leigh,1915--1965
Captain Kidd,1945,1,William Kidd,Historical,White,0,Male,Charles Laughton,1915--1965
Dillinger,1945,1,John Dillinger,Criminal,White,0,Male,Lawrence Tierney,1915--1965
Pride of the Marines,1945,1,Al Schmid,Military,White,0,Male,John Garfield,1915--1965
Rhapsody in Blue,1945,1,George Gershwin,Musician,White,0,Male,Robert Alda,1915--1965
Story of G.I. Joe,1945,1,Ernie Pyle,Media,NA,0,Male,Burgess Meredith,1915--1965
Buffalo Bill,1944,1,William Cody,Other,White,0,Male,Joel McCrea,1915--1965
Henry V,1944,1,Henry V of England,Historical,White,0,Male,Laurence Olivier,1915--1965
The Adventures of Mark Twain,1944,1,Samuel Clemens,Author,White,0,Male,Frederic March,1915--1965
The Great Moment,1944,1,W.T. Morton,Medicine,NA,0,Male,Joel McCrea,1915--1965
Wilson,1944,1,Woodrow Wilson,World leader,White,0,Male,Alexander Knox,1915--1965
Madame Curie,1943,2,Pierre Curie,Academic,White,0,Male,Walter Pidgeon,1915--1965
Madame Curie,1943,2,Marie Curie,Academic,White,0,Female,Greer Garson,1915--1965
The Song of Bernadette,1943,1,Saint Bernadette Soubirous,Other,White,0,Female,Jennifer Jones,1915--1965
Gentleman Jim,1942,1,James J Corbett,Athlete,White,0,Male,Errol Flynn,1915--1965
Spitfire,1942,1,R. J. Mitchell,Military,White,0,Male,Leslie Howard,1915--1965
The Pride of the Yankees,1942,1,Lou Gehrig,Athlete,White,0,Male,Gary Cooper,1915--1965
Yankee Doodle Dandy,1942,1,George M. Cohan,Musician,White,0,Male,James Cagney,1915--1965
Billy the Kid,1941,1,Henry McCarty (Billy the Kid),Criminal,White,0,Male,Robert Taylor,1915--1965
Blossoms in the Dust,1941,1,Edna Gladney,Other,NA,0,Female,Greer Garson,1915--1965
One Foot in Heaven,1941,1,William Spence,Other,White,0,Male,Fredric March,1915--1965
Sergeant York,1941,1,Alvin C. York,Military,White,0,Male,Gary Cooper,1915--1965
They Died with Their Boots On,1941,1,George Armstrong Custer,Military,White,0,Male,Errol Flynn,1915--1965
Abe Lincoln in Illinois,1940,1,Abraham Lincoln,World leader,White,0,Male,Raymond Massey,1915--1965
Brigham Young,1940,1,Brigham Young,Other,White,0,Male,Dean Jagger,1915--1965
Dr. Ehrlich's Magic Bullet,1940,1,Paul Ehrlich,Medicine,White,0,Male,Edward G. Robinson,1915--1965
"Edison, the Man",1940,1,Thomas Edison,Academic,White,0,Male,Spencer Tracy,1915--1965
Knute Rockne All American,1940,1,Knute Rockne,Athlete,White,0,Male,Pat O'Brien,1915--1965
Santa Fe Trail,1940,1,John Brown,Other,White,0,Male,Raymond Massey,1915--1965
Young Tom Edison,1940,1,Thomas Edison,Other,White,0,Male,Mickey Rooney,1915--1965
Jesse James,1939,1,Jesse James,Criminal,White,0,Male,Tyrone Power,1915--1965
Juarez,1939,1,Benito Juarez,World leader,Hispanic (Latin American),1,Male,Paul Muni,1915--1965
The Private Lives of Elizabeth and Essex,1939,2,Elizabeth I of England,Historical,White,0,Female,Bette Davis,1915--1965
The Private Lives of Elizabeth and Essex,1939,2,"Robert Devereux, 2nd Earl of Essex",Historical,White,0,Male,Errol Flynn,1915--1965
The Story of Alexander Graham Bell,1939,1,Alexander Graham Bell,Academic,White,0,Male,Don Ameche,1915--1965
The Story of Vernon and Irene Castle,1939,2,Irene Castle,Artist,NA,0,Female,Ginger Rogers,1915--1965
The Story of Vernon and Irene Castle,1939,2,Vernon Castle,Artist,NA,0,Male,Fred Astaire,1915--1965
Young Mr. Lincoln,1939,1,Abraham Lincoln,World leader,White,0,Male,Henry Fonda,1915--1965
Boys Town,1938,1,Father Edward Flanagan,Other,White,0,Male,Spencer Tracy,1915--1965
Marie Antoinette,1938,1,Marie Antoinette,Historical,White,0,Female,Norma Shearer,1915--1965
The Adventures of Marco Polo,1938,1,Marco Polo,Historical,White,0,Male,Gary Cooper,1915--1965
The Great Waltz,1938,1,Johann Strauss II,Musician,White,0,Male,Fernand Gravey,1915--1965
The Life of Emile Zola,1937,1,Emile Zola,Author,White,0,Male,Paul Muni,1915--1965
The Toast of New York,1937,1,James Fisk,Criminal,White,0,Male,Edward Arnold,1915--1965
Mary of Scotland,1936,1,"Mary Stuart, Queen of Scots",Historical,White,0,Female,Katharine Hepburn,1915--1965
Rembrandt,1936,1,Rembrandt,Artist,White,0,Male,Charles Laughton,1915--1965
The Great Ziegfeld,1936,1,Florenz Ziegfeld,Musician,White,0,Male,William Powell,1915--1965
The Plainsman,1936,1,Wild Bill Hickok,Historical,White,0,Male,"With: Gary Cooper, Jean Arthur, James Ellison",1915--1965
The Prisoner of Shark Island,1936,1,Samuel Mudd,Medicine,White,0,Male,Warner Baxter,1915--1965
The Story of Louis Pasteur,1936,1,Louis Pasteur,Academic,White,0,Male,Paul Muni,1915--1965
Annie Oakley,1935,1,Annie Oakley,Athlete,White,0,Female,Barbara Stanwyck,1915--1965
Cleopatra,1934,1,Cleopatra,Historical,Middle Eastern,1,Female,Claudette Colbert,1915--1965
Strauss' Great Waltz,1934,2,Johann Strauss I,Musician,White,0,Male,Edmund Gwenn,1915--1965
Strauss' Great Waltz,1934,2,Johann Strauss II,Musician,White,0,Male,Esmond Knight,1915--1965
The Barretts of Wimpole Street,1934,2,Elizabeth Barrett,Author (poet),Multi racial,0,Female,Norma Shearer,1915--1965
The Barretts of Wimpole Street,1934,2,Robert Browning,Author (poet),Multi racial,0,Male,Fredric March,1915--1965
The House of Rothschild,1934,1,Mayer Rothschild,Other,White,0,Male,George Arliss,1915--1965
Viva Villa!,1934,1,Pancho Villa,Military,Hispanic (Latin American),1,Male,Wallace Beery,1915--1965
Queen Christina,1933,1,"Christina, queen of Sweden",Historical,White,0,Female,Greta Garbo,1915--1965
The Private Life of Henry VIII.,1933,1,Henry VIII,Historical,White,0,Male,Charles Laughton,1915--1965
Abraham Lincoln,1930,1,Abraham Lincoln,World leader,White,0,Male,Walter Huston,1915--1965
Disraeli,1929,1,Benjamin Disraeli,World leader,White,0,Male,George Arliss,1915--1965
The King of Kings,1927,1,Jesus,Historical,Middle Eastern (White),0,Male,H.B. Warner,1915--1965
Regeneration,1915,1,Owen Kildare,Other,White,0,Male,Rockliffe Fellowes,1915--1965
