"STATION","NAME","DATE","TAVG","TMAX","TMIN","WT01","WT02","WT03","WT04","WT06","WT08","WT09"
"USW00013743","WASHINGTON REAGAN NATIONAL AIRPORT, VA US","2018-01-01","19","26","13",,,,,,,
"USW00013743","WASHINGTON REAGAN NATIONAL AIRPORT, VA US","2018-01-02","18","26","13",,,,,,,
"USW00013743","WASHINGTON REAGAN NATIONAL AIRPORT, VA US","2018-01-03","23","35","13","    1",,,,,,
"USW00013743","WASHINGTON REAGAN NATIONAL AIRPORT, VA US","2018-01-04","26","27","16","    1",,,,,,"    1"
"USW00013743","WASHINGTON REAGAN NATIONAL AIRPORT, VA US","2018-01-05","17","21","13",,,,,,,
"USW00013743","WASHINGTON REAGAN NATIONAL AIRPORT, VA US","2018-01-06","15","21","11",,,,,,,
"USW00013743","WASHINGTON REAGAN NATIONAL AIRPORT, VA US","2018-01-07","15","23","8",,,,,,,
"USW00013743","WASHINGTON REAGAN NATIONAL AIRPORT, VA US","2018-01-08","25","39","19",,,,"    1",,,
"USW00013743","WASHINGTON REAGAN NATIONAL AIRPORT, VA US","2018-01-09","38","51","30","    1","    1",,,,,
"USW00013743","WASHINGTON REAGAN NATIONAL AIRPORT, VA US","2018-01-10","36","43","27",,,,,,,
"USW00013743","WASHINGTON REAGAN NATIONAL AIRPORT, VA US","2018-01-11","46","62","38",,,,,,,
"USW00013743","WASHINGTON REAGAN NATIONAL AIRPORT, VA US","2018-01-12","60","64","57","    1",,,,,,
"USW00013743","WASHINGTON REAGAN NATIONAL AIRPORT, VA US","2018-01-13","45","62","21","    1",,,,,,
"USW00013743","WASHINGTON REAGAN NATIONAL AIRPORT, VA US","2018-01-14","23","28","17",,,,,,,
"USW00013743","WASHINGTON REAGAN NATIONAL AIRPORT, VA US","2018-01-15","24","32","18",,,,,,,
"USW00013743","WASHINGTON REAGAN NATIONAL AIRPORT, VA US","2018-01-16","33","43","30",,,,,,,
"USW00013743","WASHINGTON REAGAN NATIONAL AIRPORT, VA US","2018-01-17","30","37","20","    1",,,,,,
"USW00013743","WASHINGTON REAGAN NATIONAL AIRPORT, VA US","2018-01-18","29","47","19",,,,,,,
"USW00013743","WASHINGTON REAGAN NATIONAL AIRPORT, VA US","2018-01-19","38","51","25",,,,,,,
"USW00013743","WASHINGTON REAGAN NATIONAL AIRPORT, VA US","2018-01-20","40","63","28",,,,,,,
"USW00013743","WASHINGTON REAGAN NATIONAL AIRPORT, VA US","2018-01-21","44","61","32",,,,,,,
"USW00013743","WASHINGTON REAGAN NATIONAL AIRPORT, VA US","2018-01-22","54","65","47",,,,,,,
"USW00013743","WASHINGTON REAGAN NATIONAL AIRPORT, VA US","2018-01-23","57","68","47","    1",,,,,,
"USW00013743","WASHINGTON REAGAN NATIONAL AIRPORT, VA US","2018-01-24","46","48","35",,,,,,,
"USW00013743","WASHINGTON REAGAN NATIONAL AIRPORT, VA US","2018-01-25","37","42","31",,,,,,,
"USW00013743","WASHINGTON REAGAN NATIONAL AIRPORT, VA US","2018-01-26","37","50","28",,,,,,,
"USW00013743","WASHINGTON REAGAN NATIONAL AIRPORT, VA US","2018-01-27","47","63","38",,,,,,,
"USW00013743","WASHINGTON REAGAN NATIONAL AIRPORT, VA US","2018-01-28","52","57","47","    1",,,,,,
"USW00013743","WASHINGTON REAGAN NATIONAL AIRPORT, VA US","2018-01-29","47","48","41","    1",,,,,,
"USW00013743","WASHINGTON REAGAN NATIONAL AIRPORT, VA US","2018-01-30","37","41","24",,,,,,,
"USW00013743","WASHINGTON REAGAN NATIONAL AIRPORT, VA US","2018-01-31","27","41","21",,,,,,,
"USW00013743","WASHINGTON REAGAN NATIONAL AIRPORT, VA US","2018-02-01","43","54","40",,,,,,,
"USW00013743","WASHINGTON REAGAN NATIONAL AIRPORT, VA US","2018-02-02","37","43","19",,,,,,,
"USW00013743","WASHINGTON REAGAN NATIONAL AIRPORT, VA US","2018-02-03","24","36","17",,,,,,,
"USW00013743","WASHINGTON REAGAN NATIONAL AIRPORT, VA US","2018-02-04","34","37","33","    1",,,,,,
"USW00013743","WASHINGTON REAGAN NATIONAL AIRPORT, VA US","2018-02-05","35","39","27","    1",,,,,,
"USW00013743","WASHINGTON REAGAN NATIONAL AIRPORT, VA US","2018-02-06","33","43","28",,,,,,,
"USW00013743","WASHINGTON REAGAN NATIONAL AIRPORT, VA US","2018-02-07","35","43","33","    1",,,,,,
"USW00013743","WASHINGTON REAGAN NATIONAL AIRPORT, VA US","2018-02-08","34","38","26",,,,,,,
"USW00013743","WASHINGTON REAGAN NATIONAL AIRPORT, VA US","2018-02-09","35","46","27",,,,,,,
"USW00013743","WASHINGTON REAGAN NATIONAL AIRPORT, VA US","2018-02-10","43","50","39","    1",,,,,,
"USW00013743","WASHINGTON REAGAN NATIONAL AIRPORT, VA US","2018-02-11","53","68","45","    1","    1","    1",,,,
"USW00013743","WASHINGTON REAGAN NATIONAL AIRPORT, VA US","2018-02-12","53","65","37",,,,,,,
"USW00013743","WASHINGTON REAGAN NATIONAL AIRPORT, VA US","2018-02-13","38","43","33",,,,,,,
"USW00013743","WASHINGTON REAGAN NATIONAL AIRPORT, VA US","2018-02-14","40","53","34",,,,,,,
"USW00013743","WASHINGTON REAGAN NATIONAL AIRPORT, VA US","2018-02-15","55","74","47",,,,,,,
"USW00013743","WASHINGTON REAGAN NATIONAL AIRPORT, VA US","2018-02-16","62","67","40","    1",,,,,,
"USW00013743","WASHINGTON REAGAN NATIONAL AIRPORT, VA US","2018-02-17","39","44","34","    1",,,,,,
"USW00013743","WASHINGTON REAGAN NATIONAL AIRPORT, VA US","2018-02-18","40","51","33",,,,,,,
"USW00013743","WASHINGTON REAGAN NATIONAL AIRPORT, VA US","2018-02-19","42","50","40","    1",,,,,,
"USW00013743","WASHINGTON REAGAN NATIONAL AIRPORT, VA US","2018-02-20","58","78","49","    1",,,,,,
"USW00013743","WASHINGTON REAGAN NATIONAL AIRPORT, VA US","2018-02-21","67","82","56",,,,,,,
"USW00013743","WASHINGTON REAGAN NATIONAL AIRPORT, VA US","2018-02-22","60","67","43","    1",,,,,"    1",
"USW00013743","WASHINGTON REAGAN NATIONAL AIRPORT, VA US","2018-02-23","44","48","41","    1",,,,,,
"USW00013743","WASHINGTON REAGAN NATIONAL AIRPORT, VA US","2018-02-24","50","53","48","    1","    1",,,,,
"USW00013743","WASHINGTON REAGAN NATIONAL AIRPORT, VA US","2018-02-25","50","54","47","    1",,,,,,
"USW00013743","WASHINGTON REAGAN NATIONAL AIRPORT, VA US","2018-02-26","51","53","41","    1","    1",,,,,
"USW00013743","WASHINGTON REAGAN NATIONAL AIRPORT, VA US","2018-02-27","47","58","36",,,,,,,
"USW00013743","WASHINGTON REAGAN NATIONAL AIRPORT, VA US","2018-02-28","50","64","44",,,,,,,
"USW00013743","WASHINGTON REAGAN NATIONAL AIRPORT, VA US","2018-03-01","53","59","49","    1",,,,,,
"USW00013743","WASHINGTON REAGAN NATIONAL AIRPORT, VA US","2018-03-02","47","54","39","    1",,,,,,
"USW00013743","WASHINGTON REAGAN NATIONAL AIRPORT, VA US","2018-03-03","43","53","36",,,,,,,
"USW00013743","WASHINGTON REAGAN NATIONAL AIRPORT, VA US","2018-03-04","43","53","35",,,,,,,
"USW00013743","WASHINGTON REAGAN NATIONAL AIRPORT, VA US","2018-03-05","40","49","31",,,,,,,
"USW00013743","WASHINGTON REAGAN NATIONAL AIRPORT, VA US","2018-03-06","40","46","33","    1",,,,,,
"USW00013743","WASHINGTON REAGAN NATIONAL AIRPORT, VA US","2018-03-07","40","51","34","    1",,,,,,
"USW00013743","WASHINGTON REAGAN NATIONAL AIRPORT, VA US","2018-03-08","40","46","34",,,,,,,
"USW00013743","WASHINGTON REAGAN NATIONAL AIRPORT, VA US","2018-03-09","38","46","33",,,,,,,
"USW00013743","WASHINGTON REAGAN NATIONAL AIRPORT, VA US","2018-03-10","39","49","31",,,,,,,
"USW00013743","WASHINGTON REAGAN NATIONAL AIRPORT, VA US","2018-03-11","41","52","31",,,,,,,
"USW00013743","WASHINGTON REAGAN NATIONAL AIRPORT, VA US","2018-03-12","40","46","34",,,,,,,
"USW00013743","WASHINGTON REAGAN NATIONAL AIRPORT, VA US","2018-03-13","38","47","33",,,,,,,
"USW00013743","WASHINGTON REAGAN NATIONAL AIRPORT, VA US","2018-03-14","38","44","32",,,,,,,
"USW00013743","WASHINGTON REAGAN NATIONAL AIRPORT, VA US","2018-03-15","41","55","31",,,,,,,
"USW00013743","WASHINGTON REAGAN NATIONAL AIRPORT, VA US","2018-03-16","41","47","34",,,,,,,
"USW00013743","WASHINGTON REAGAN NATIONAL AIRPORT, VA US","2018-03-17","39","46","32",,,,,,,
"USW00013743","WASHINGTON REAGAN NATIONAL AIRPORT, VA US","2018-03-18","44","59","34",,,,,,,
"USW00013743","WASHINGTON REAGAN NATIONAL AIRPORT, VA US","2018-03-19","47","56","36",,,,,,,
"USW00013743","WASHINGTON REAGAN NATIONAL AIRPORT, VA US","2018-03-20","40","43","32","    1",,,"    1","    1",,
"USW00013743","WASHINGTON REAGAN NATIONAL AIRPORT, VA US","2018-03-21","33","36","32","    1","    1",,,,,
"USW00013743","WASHINGTON REAGAN NATIONAL AIRPORT, VA US","2018-03-22","39","49","34",,,,,,,
"USW00013743","WASHINGTON REAGAN NATIONAL AIRPORT, VA US","2018-03-23","42","51","35",,,,,,,
"USW00013743","WASHINGTON REAGAN NATIONAL AIRPORT, VA US","2018-03-24","42","52","33",,,,,,,
"USW00013743","WASHINGTON REAGAN NATIONAL AIRPORT, VA US","2018-03-25","41","48","34",,,,,,,
"USW00013743","WASHINGTON REAGAN NATIONAL AIRPORT, VA US","2018-03-26","42","50","34",,,,,,,
"USW00013743","WASHINGTON REAGAN NATIONAL AIRPORT, VA US","2018-03-27","41","48","34",,,,,,,
"USW00013743","WASHINGTON REAGAN NATIONAL AIRPORT, VA US","2018-03-28","47","58","43",,,,,,,
"USW00013743","WASHINGTON REAGAN NATIONAL AIRPORT, VA US","2018-03-29","56","78","48","    1",,,,,"    1",
"USW00013743","WASHINGTON REAGAN NATIONAL AIRPORT, VA US","2018-03-30","66","77","45",,,,,,,
"USW00013743","WASHINGTON REAGAN NATIONAL AIRPORT, VA US","2018-03-31","50","61","39",,,,,,,
"USW00013743","WASHINGTON REAGAN NATIONAL AIRPORT, VA US","2018-04-01","55","67","50",,,,,,,
"USW00013743","WASHINGTON REAGAN NATIONAL AIRPORT, VA US","2018-04-02","49","54","42",,,,,,,
"USW00013743","WASHINGTON REAGAN NATIONAL AIRPORT, VA US","2018-04-03","47","56","44",,,,,,,
"USW00013743","WASHINGTON REAGAN NATIONAL AIRPORT, VA US","2018-04-04","57","73","42",,,,,,,
"USW00013743","WASHINGTON REAGAN NATIONAL AIRPORT, VA US","2018-04-05","45","56","34",,,,,,,
"USW00013743","WASHINGTON REAGAN NATIONAL AIRPORT, VA US","2018-04-06","53","72","44",,,,,,,
"USW00013743","WASHINGTON REAGAN NATIONAL AIRPORT, VA US","2018-04-07","51","67","37",,,,,,,
"USW00013743","WASHINGTON REAGAN NATIONAL AIRPORT, VA US","2018-04-08","42","51","34",,,,,,,
"USW00013743","WASHINGTON REAGAN NATIONAL AIRPORT, VA US","2018-04-09","42","46","38","    1",,,,,"    1",
"USW00013743","WASHINGTON REAGAN NATIONAL AIRPORT, VA US","2018-04-10","46","55","38","    1",,,,,,
"USW00013743","WASHINGTON REAGAN NATIONAL AIRPORT, VA US","2018-04-11","49","57","43",,,,,,,
"USW00013743","WASHINGTON REAGAN NATIONAL AIRPORT, VA US","2018-04-12","57","78","45",,,,,,,
"USW00013743","WASHINGTON REAGAN NATIONAL AIRPORT, VA US","2018-04-13","71","86","60",,,,,,,
"USW00013743","WASHINGTON REAGAN NATIONAL AIRPORT, VA US","2018-04-14","74","85","63",,,,,,,
"USW00013743","WASHINGTON REAGAN NATIONAL AIRPORT, VA US","2018-04-15","61","69","48","    1",,,,,"    1",
"USW00013743","WASHINGTON REAGAN NATIONAL AIRPORT, VA US","2018-04-16","53","62","45","    1",,"    1",,,,
"USW00013743","WASHINGTON REAGAN NATIONAL AIRPORT, VA US","2018-04-17","45","49","40",,,,,,,
"USW00013743","WASHINGTON REAGAN NATIONAL AIRPORT, VA US","2018-04-18","48","62","36",,,,,,,
"USW00013743","WASHINGTON REAGAN NATIONAL AIRPORT, VA US","2018-04-19","53","59","43",,,,,,,
"USW00013743","WASHINGTON REAGAN NATIONAL AIRPORT, VA US","2018-04-20","48","61","38",,,,,,,
"USW00013743","WASHINGTON REAGAN NATIONAL AIRPORT, VA US","2018-04-21","52","63","42",,,,,,,
"USW00013743","WASHINGTON REAGAN NATIONAL AIRPORT, VA US","2018-04-22","57","67","48",,,,,,,
"USW00013743","WASHINGTON REAGAN NATIONAL AIRPORT, VA US","2018-04-23","59","69","50",,,,,,,
"USW00013743","WASHINGTON REAGAN NATIONAL AIRPORT, VA US","2018-04-24","58","63","55","    1",,,,,,
"USW00013743","WASHINGTON REAGAN NATIONAL AIRPORT, VA US","2018-04-25","59","67","55","    1",,,,,,
"USW00013743","WASHINGTON REAGAN NATIONAL AIRPORT, VA US","2018-04-26","62","73","50",,,,,,,
"USW00013743","WASHINGTON REAGAN NATIONAL AIRPORT, VA US","2018-04-27","59","64","54","    1",,"    1",,,,
"USW00013743","WASHINGTON REAGAN NATIONAL AIRPORT, VA US","2018-04-28","62","78","51","    1",,,,,,
"USW00013743","WASHINGTON REAGAN NATIONAL AIRPORT, VA US","2018-04-29","53","58","45",,,,,,,
"USW00013743","WASHINGTON REAGAN NATIONAL AIRPORT, VA US","2018-04-30","55","73","41",,,,,,,
"USW00013743","WASHINGTON REAGAN NATIONAL AIRPORT, VA US","2018-05-01","66","83","49",,,,,,,
"USW00013743","WASHINGTON REAGAN NATIONAL AIRPORT, VA US","2018-05-02","72","91","56",,,,,,,
"USW00013743","WASHINGTON REAGAN NATIONAL AIRPORT, VA US","2018-05-03","76","90","64",,,,,,,
"USW00013743","WASHINGTON REAGAN NATIONAL AIRPORT, VA US","2018-05-04","78","90","69",,,,,,,
"USW00013743","WASHINGTON REAGAN NATIONAL AIRPORT, VA US","2018-05-05","73","76","62",,,"    1",,,,
"USW00013743","WASHINGTON REAGAN NATIONAL AIRPORT, VA US","2018-05-06","65","73","59",,,,,,,
"USW00013743","WASHINGTON REAGAN NATIONAL AIRPORT, VA US","2018-05-07","66","77","58",,,,,,,
"USW00013743","WASHINGTON REAGAN NATIONAL AIRPORT, VA US","2018-05-08","68","78","58",,,,,,,
"USW00013743","WASHINGTON REAGAN NATIONAL AIRPORT, VA US","2018-05-09","68","80","57",,,,,,,
"USW00013743","WASHINGTON REAGAN NATIONAL AIRPORT, VA US","2018-05-10","70","83","61",,,"    1",,,,
"USW00013743","WASHINGTON REAGAN NATIONAL AIRPORT, VA US","2018-05-11","73","85","61",,,,,,,
"USW00013743","WASHINGTON REAGAN NATIONAL AIRPORT, VA US","2018-05-12","76","90","67",,,"    1",,,"    1",
"USW00013743","WASHINGTON REAGAN NATIONAL AIRPORT, VA US","2018-05-13","69","73","63","    1",,"    1",,,,
"USW00013743","WASHINGTON REAGAN NATIONAL AIRPORT, VA US","2018-05-14","67","81","62","    1",,"    1",,,"    1",
"USW00013743","WASHINGTON REAGAN NATIONAL AIRPORT, VA US","2018-05-15","75","89","66","    1",,"    1",,,,
"USW00013743","WASHINGTON REAGAN NATIONAL AIRPORT, VA US","2018-05-16","72","75","67","    1",,"    1",,,"    1",
"USW00013743","WASHINGTON REAGAN NATIONAL AIRPORT, VA US","2018-05-17","67","69","66","    1",,"    1",,,,
"USW00013743","WASHINGTON REAGAN NATIONAL AIRPORT, VA US","2018-05-18","66","69","57","    1",,,,,,
"USW00013743","WASHINGTON REAGAN NATIONAL AIRPORT, VA US","2018-05-19","61","72","57","    1",,,,,,
"USW00013743","WASHINGTON REAGAN NATIONAL AIRPORT, VA US","2018-05-20","76","89","68",,,,,,,
"USW00013743","WASHINGTON REAGAN NATIONAL AIRPORT, VA US","2018-05-21","75","82","67",,,,,,,
"USW00013743","WASHINGTON REAGAN NATIONAL AIRPORT, VA US","2018-05-22","70","80","65","    1",,"    1",,,,
"USW00013743","WASHINGTON REAGAN NATIONAL AIRPORT, VA US","2018-05-23","74","83","66","    1",,,,,,
"USW00013743","WASHINGTON REAGAN NATIONAL AIRPORT, VA US","2018-05-24","74","87","63",,,,,,,
"USW00013743","WASHINGTON REAGAN NATIONAL AIRPORT, VA US","2018-05-25","74","86","63",,,,,,,
"USW00013743","WASHINGTON REAGAN NATIONAL AIRPORT, VA US","2018-05-26","78","87","71",,,"    1",,,,
"USW00013743","WASHINGTON REAGAN NATIONAL AIRPORT, VA US","2018-05-27","78","85","68","    1",,"    1",,,,
"USW00013743","WASHINGTON REAGAN NATIONAL AIRPORT, VA US","2018-05-28","68","72","64","    1",,,,,,
"USW00013743","WASHINGTON REAGAN NATIONAL AIRPORT, VA US","2018-05-29","74","83","69","    1","    1",,,,"    1",
"USW00013743","WASHINGTON REAGAN NATIONAL AIRPORT, VA US","2018-05-30","75","81","71","    1","    1",,,,,
"USW00013743","WASHINGTON REAGAN NATIONAL AIRPORT, VA US","2018-05-31","75","86","70","    1",,"    1",,,"    1",
"USW00013743","WASHINGTON REAGAN NATIONAL AIRPORT, VA US","2018-06-01","78","90","71",,,"    1",,,,
"USW00013743","WASHINGTON REAGAN NATIONAL AIRPORT, VA US","2018-06-02","78","86","73",,,"    1",,,,
"USW00013743","WASHINGTON REAGAN NATIONAL AIRPORT, VA US","2018-06-03","69","75","58","    1",,"    1",,,,
"USW00013743","WASHINGTON REAGAN NATIONAL AIRPORT, VA US","2018-06-04","64","80","56",,,,,,,
"USW00013743","WASHINGTON REAGAN NATIONAL AIRPORT, VA US","2018-06-05","73","84","61",,,,,,,
"USW00013743","WASHINGTON REAGAN NATIONAL AIRPORT, VA US","2018-06-06","70","78","63",,,,,,,
"USW00013743","WASHINGTON REAGAN NATIONAL AIRPORT, VA US","2018-06-07","70","79","62",,,,,,,
"USW00013743","WASHINGTON REAGAN NATIONAL AIRPORT, VA US","2018-06-08","73","84","65",,,"    1",,,,
"USW00013743","WASHINGTON REAGAN NATIONAL AIRPORT, VA US","2018-06-09","77","86","70","    1",,"    1",,,,
"USW00013743","WASHINGTON REAGAN NATIONAL AIRPORT, VA US","2018-06-10","74","81","65","    1",,"    1",,,,
"USW00013743","WASHINGTON REAGAN NATIONAL AIRPORT, VA US","2018-06-11","65","67","61","    1",,"    1",,,,
"USW00013743","WASHINGTON REAGAN NATIONAL AIRPORT, VA US","2018-06-12","67","79","58",,,,,,"    1",
"USW00013743","WASHINGTON REAGAN NATIONAL AIRPORT, VA US","2018-06-13","74","85","68","    1",,,,,,
"USW00013743","WASHINGTON REAGAN NATIONAL AIRPORT, VA US","2018-06-14","80","87","73",,,,,,,
"USW00013743","WASHINGTON REAGAN NATIONAL AIRPORT, VA US","2018-06-15","78","85","67",,,,,,,
"USW00013743","WASHINGTON REAGAN NATIONAL AIRPORT, VA US","2018-06-16","76","89","64",,,,,,,
"USW00013743","WASHINGTON REAGAN NATIONAL AIRPORT, VA US","2018-06-17","80","89","73",,,,,,,
"USW00013743","WASHINGTON REAGAN NATIONAL AIRPORT, VA US","2018-06-18","82","92","74",,,,,,,
"USW00013743","WASHINGTON REAGAN NATIONAL AIRPORT, VA US","2018-06-19","84","95","77","    1",,"    1",,,"    1",
"USW00013743","WASHINGTON REAGAN NATIONAL AIRPORT, VA US","2018-06-20","79","86","73",,,"    1",,,,
"USW00013743","WASHINGTON REAGAN NATIONAL AIRPORT, VA US","2018-06-21","78","86","72",,,,,,,
"USW00013743","WASHINGTON REAGAN NATIONAL AIRPORT, VA US","2018-06-22","74","77","67","    1",,,,,,
"USW00013743","WASHINGTON REAGAN NATIONAL AIRPORT, VA US","2018-06-23","72","81","67","    1",,,,,,
"USW00013743","WASHINGTON REAGAN NATIONAL AIRPORT, VA US","2018-06-24","78","91","71","    1",,"    1",,,,
"USW00013743","WASHINGTON REAGAN NATIONAL AIRPORT, VA US","2018-06-25","77","85","70",,,,,,,
"USW00013743","WASHINGTON REAGAN NATIONAL AIRPORT, VA US","2018-06-26","75","84","65",,,,,,,
"USW00013743","WASHINGTON REAGAN NATIONAL AIRPORT, VA US","2018-06-27","75","82","71",,,"    1",,,,
"USW00013743","WASHINGTON REAGAN NATIONAL AIRPORT, VA US","2018-06-28","81","89","75",,,,,,,
"USW00013743","WASHINGTON REAGAN NATIONAL AIRPORT, VA US","2018-06-29","83","93","73",,,,,,,
"USW00013743","WASHINGTON REAGAN NATIONAL AIRPORT, VA US","2018-06-30","83","91","72",,,,,,,
"USW00013743","WASHINGTON REAGAN NATIONAL AIRPORT, VA US","2018-07-01","83","93","75",,,,,,,
"USW00013743","WASHINGTON REAGAN NATIONAL AIRPORT, VA US","2018-07-02","86","95","78","    1",,,,,,
"USW00013743","WASHINGTON REAGAN NATIONAL AIRPORT, VA US","2018-07-03","89","97","80",,,"    1",,,,
"USW00013743","WASHINGTON REAGAN NATIONAL AIRPORT, VA US","2018-07-04","86","93","80",,,,,,,
"USW00013743","WASHINGTON REAGAN NATIONAL AIRPORT, VA US","2018-07-05","86","92","80",,,,,,,
"USW00013743","WASHINGTON REAGAN NATIONAL AIRPORT, VA US","2018-07-06","83","89","79",,,,,,,
"USW00013743","WASHINGTON REAGAN NATIONAL AIRPORT, VA US","2018-07-07","77","82","68",,,,,,,
"USW00013743","WASHINGTON REAGAN NATIONAL AIRPORT, VA US","2018-07-08","75","85","64",,,,,,,
"USW00013743","WASHINGTON REAGAN NATIONAL AIRPORT, VA US","2018-07-09","77","88","64",,,,,,,
"USW00013743","WASHINGTON REAGAN NATIONAL AIRPORT, VA US","2018-07-10","83","96","71",,,,,,,
"USW00013743","WASHINGTON REAGAN NATIONAL AIRPORT, VA US","2018-07-11","86","94","78",,,,,,,
"USW00013743","WASHINGTON REAGAN NATIONAL AIRPORT, VA US","2018-07-12","82","92","73",,,,,,,
"USW00013743","WASHINGTON REAGAN NATIONAL AIRPORT, VA US","2018-07-13","79","89","71",,,,,,,
"USW00013743","WASHINGTON REAGAN NATIONAL AIRPORT, VA US","2018-07-14","80","91","70",,,,,,,
"USW00013743","WASHINGTON REAGAN NATIONAL AIRPORT, VA US","2018-07-15","81","88","74",,,,,,,
"USW00013743","WASHINGTON REAGAN NATIONAL AIRPORT, VA US","2018-07-16","84","98","76",,,"    1",,,,
"USW00013743","WASHINGTON REAGAN NATIONAL AIRPORT, VA US","2018-07-17","82","92","74","    1",,"    1",,,,
"USW00013743","WASHINGTON REAGAN NATIONAL AIRPORT, VA US","2018-07-18","80","88","70",,,,,,,
"USW00013743","WASHINGTON REAGAN NATIONAL AIRPORT, VA US","2018-07-19","79","88","71",,,,,,,
"USW00013743","WASHINGTON REAGAN NATIONAL AIRPORT, VA US","2018-07-20","78","86","71",,,,,,,
"USW00013743","WASHINGTON REAGAN NATIONAL AIRPORT, VA US","2018-07-21","74","75","67","    1",,,,,,
"USW00013743","WASHINGTON REAGAN NATIONAL AIRPORT, VA US","2018-07-22","72","83","65","    1",,"    1",,,,
"USW00013743","WASHINGTON REAGAN NATIONAL AIRPORT, VA US","2018-07-23","79","85","76","    1",,"    1",,,,
"USW00013743","WASHINGTON REAGAN NATIONAL AIRPORT, VA US","2018-07-24","78","83","75","    1",,,,,,
"USW00013743","WASHINGTON REAGAN NATIONAL AIRPORT, VA US","2018-07-25","78","86","74","    1",,"    1",,,,
"USW00013743","WASHINGTON REAGAN NATIONAL AIRPORT, VA US","2018-07-26","79","89","73",,,,,,,
"USW00013743","WASHINGTON REAGAN NATIONAL AIRPORT, VA US","2018-07-27","80","91","75",,,"    1",,,,
"USW00013743","WASHINGTON REAGAN NATIONAL AIRPORT, VA US","2018-07-28","79","87","72",,,,,,,
"USW00013743","WASHINGTON REAGAN NATIONAL AIRPORT, VA US","2018-07-29","78","87","70",,,,,,,
"USW00013743","WASHINGTON REAGAN NATIONAL AIRPORT, VA US","2018-07-30","76","78","72","    1",,"    1",,,,
"USW00013743","WASHINGTON REAGAN NATIONAL AIRPORT, VA US","2018-07-31","76","84","71","    1",,"    1",,,"    1",
"USW00013743","WASHINGTON REAGAN NATIONAL AIRPORT, VA US","2018-08-01","80","89","74","    1",,"    1",,,"    1",
"USW00013743","WASHINGTON REAGAN NATIONAL AIRPORT, VA US","2018-08-02","79","86","75","    1",,"    1",,,"    1",
"USW00013743","WASHINGTON REAGAN NATIONAL AIRPORT, VA US","2018-08-03","78","84","73","    1",,"    1",,,"    1",
"USW00013743","WASHINGTON REAGAN NATIONAL AIRPORT, VA US","2018-08-04","79","90","73","    1",,,,,,
"USW00013743","WASHINGTON REAGAN NATIONAL AIRPORT, VA US","2018-08-05","81","91","74",,,"    1",,,,
"USW00013743","WASHINGTON REAGAN NATIONAL AIRPORT, VA US","2018-08-06","81","91","74",,,"    1",,,,
"USW00013743","WASHINGTON REAGAN NATIONAL AIRPORT, VA US","2018-08-07","81","91","75",,,"    1",,,,
"USW00013743","WASHINGTON REAGAN NATIONAL AIRPORT, VA US","2018-08-08","83","94","75","    1",,"    1",,,"    1",
"USW00013743","WASHINGTON REAGAN NATIONAL AIRPORT, VA US","2018-08-09","84","92","75",,,,,,,
"USW00013743","WASHINGTON REAGAN NATIONAL AIRPORT, VA US","2018-08-10","84","92","75",,,,,,"    1",
"USW00013743","WASHINGTON REAGAN NATIONAL AIRPORT, VA US","2018-08-11","83","91","76",,,"    1",,,,
"USW00013743","WASHINGTON REAGAN NATIONAL AIRPORT, VA US","2018-08-12","79","87","74",,,"    1",,,"    1",
"USW00013743","WASHINGTON REAGAN NATIONAL AIRPORT, VA US","2018-08-13","78","88","72","    1",,"    1",,,"    1",
"USW00013743","WASHINGTON REAGAN NATIONAL AIRPORT, VA US","2018-08-14","77","87","69",,,"    1",,,,
"USW00013743","WASHINGTON REAGAN NATIONAL AIRPORT, VA US","2018-08-15","81","92","72",,,,,,,
"USW00013743","WASHINGTON REAGAN NATIONAL AIRPORT, VA US","2018-08-16","82","90","73",,,,,,,
"USW00013743","WASHINGTON REAGAN NATIONAL AIRPORT, VA US","2018-08-17","84","94","78",,,,,,,
"USW00013743","WASHINGTON REAGAN NATIONAL AIRPORT, VA US","2018-08-18","82","90","76",,,"    1",,,,
"USW00013743","WASHINGTON REAGAN NATIONAL AIRPORT, VA US","2018-08-19","80","87","72",,,,,,,
"USW00013743","WASHINGTON REAGAN NATIONAL AIRPORT, VA US","2018-08-20","76","82","71",,,,,,,
"USW00013743","WASHINGTON REAGAN NATIONAL AIRPORT, VA US","2018-08-21","77","82","73","    1",,"    1",,,"    1",
"USW00013743","WASHINGTON REAGAN NATIONAL AIRPORT, VA US","2018-08-22","78","86","72",,,,,,,
"USW00013743","WASHINGTON REAGAN NATIONAL AIRPORT, VA US","2018-08-23","74","81","66",,,,,,,
"USW00013743","WASHINGTON REAGAN NATIONAL AIRPORT, VA US","2018-08-24","74","84","63",,,,,,,
"USW00013743","WASHINGTON REAGAN NATIONAL AIRPORT, VA US","2018-08-25","75","82","67",,,,,,,
"USW00013743","WASHINGTON REAGAN NATIONAL AIRPORT, VA US","2018-08-26","76","88","68",,,,,,,
"USW00013743","WASHINGTON REAGAN NATIONAL AIRPORT, VA US","2018-08-27","82","91","75",,,,,,,
"USW00013743","WASHINGTON REAGAN NATIONAL AIRPORT, VA US","2018-08-28","84","94","78","    1",,,,,"    1",
"USW00013743","WASHINGTON REAGAN NATIONAL AIRPORT, VA US","2018-08-29","85","94","79","    1",,,,,,
"USW00013743","WASHINGTON REAGAN NATIONAL AIRPORT, VA US","2018-08-30","86","93","78",,,"    1",,,,
"USW00013743","WASHINGTON REAGAN NATIONAL AIRPORT, VA US","2018-08-31","84","90","75","    1",,"    1",,,,
"USW00013743","WASHINGTON REAGAN NATIONAL AIRPORT, VA US","2018-09-01","79","89","74","    1",,"    1",,,,
"USW00013743","WASHINGTON REAGAN NATIONAL AIRPORT, VA US","2018-09-02","80","89","74",,,,,,,
"USW00013743","WASHINGTON REAGAN NATIONAL AIRPORT, VA US","2018-09-03","84","93","78",,,,,,,
"USW00013743","WASHINGTON REAGAN NATIONAL AIRPORT, VA US","2018-09-04","85","95","79",,,"    1",,,,
"USW00013743","WASHINGTON REAGAN NATIONAL AIRPORT, VA US","2018-09-05","85","93","78",,,,,,"    1",
"USW00013743","WASHINGTON REAGAN NATIONAL AIRPORT, VA US","2018-09-06","85","93","78",,,,,,,
"USW00013743","WASHINGTON REAGAN NATIONAL AIRPORT, VA US","2018-09-07","82","91","72","    1",,"    1",,,,
"USW00013743","WASHINGTON REAGAN NATIONAL AIRPORT, VA US","2018-09-08","73","77","63","    1",,,,,,
"USW00013743","WASHINGTON REAGAN NATIONAL AIRPORT, VA US","2018-09-09","65","67","62","    1",,,,,,
"USW00013743","WASHINGTON REAGAN NATIONAL AIRPORT, VA US","2018-09-10","68","76","65","    1",,"    1",,,,
"USW00013743","WASHINGTON REAGAN NATIONAL AIRPORT, VA US","2018-09-11","74","77","71","    1","    1","    1",,,,
"USW00013743","WASHINGTON REAGAN NATIONAL AIRPORT, VA US","2018-09-12","76","86","71","    1",,,,,"    1",
"USW00013743","WASHINGTON REAGAN NATIONAL AIRPORT, VA US","2018-09-13","76","82","73","    1",,,,,,
"USW00013743","WASHINGTON REAGAN NATIONAL AIRPORT, VA US","2018-09-14","75","78","72","    1",,,,,"    1",
"USW00013743","WASHINGTON REAGAN NATIONAL AIRPORT, VA US","2018-09-15","75","83","70","    1",,,,,,
"USW00013743","WASHINGTON REAGAN NATIONAL AIRPORT, VA US","2018-09-16","74","83","69","    1",,,,,,
"USW00013743","WASHINGTON REAGAN NATIONAL AIRPORT, VA US","2018-09-17","76","80","72","    1",,"    1",,,,
"USW00013743","WASHINGTON REAGAN NATIONAL AIRPORT, VA US","2018-09-18","78","84","73","    1",,"    1",,,,
"USW00013743","WASHINGTON REAGAN NATIONAL AIRPORT, VA US","2018-09-19","79","87","72",,,,,,,
"USW00013743","WASHINGTON REAGAN NATIONAL AIRPORT, VA US","2018-09-20","76","83","69",,,,,,,
"USW00013743","WASHINGTON REAGAN NATIONAL AIRPORT, VA US","2018-09-21","73","78","68","    1",,,,,,
"USW00013743","WASHINGTON REAGAN NATIONAL AIRPORT, VA US","2018-09-22","75","80","65",,,,,,,
"USW00013743","WASHINGTON REAGAN NATIONAL AIRPORT, VA US","2018-09-23","64","66","61","    1",,,,,,
"USW00013743","WASHINGTON REAGAN NATIONAL AIRPORT, VA US","2018-09-24","65","68","63","    1",,,,,,
"USW00013743","WASHINGTON REAGAN NATIONAL AIRPORT, VA US","2018-09-25","72","82","68","    1",,,,,,
"USW00013743","WASHINGTON REAGAN NATIONAL AIRPORT, VA US","2018-09-26","77","87","72","    1","    1","    1",,,,
"USW00013743","WASHINGTON REAGAN NATIONAL AIRPORT, VA US","2018-09-27","68","73","59","    1",,"    1",,,,
"USW00013743","WASHINGTON REAGAN NATIONAL AIRPORT, VA US","2018-09-28","65","77","60","    1",,,,,,
"USW00013743","WASHINGTON REAGAN NATIONAL AIRPORT, VA US","2018-09-29","70","80","63",,,,,,,
"USW00013743","WASHINGTON REAGAN NATIONAL AIRPORT, VA US","2018-09-30","68","76","60",,,,,,,
"USW00013743","WASHINGTON REAGAN NATIONAL AIRPORT, VA US","2018-10-01","71","81","64",,,,,,,
"USW00013743","WASHINGTON REAGAN NATIONAL AIRPORT, VA US","2018-10-02","74","84","66",,,,,,,
"USW00013743","WASHINGTON REAGAN NATIONAL AIRPORT, VA US","2018-10-03","76","87","69",,,,,,,
"USW00013743","WASHINGTON REAGAN NATIONAL AIRPORT, VA US","2018-10-04","76","90","68","    1",,,,,,
"USW00013743","WASHINGTON REAGAN NATIONAL AIRPORT, VA US","2018-10-05","72","77","66",,,,,,"    1",
"USW00013743","WASHINGTON REAGAN NATIONAL AIRPORT, VA US","2018-10-06","70","75","66","    1",,,,,"    1",
"USW00013743","WASHINGTON REAGAN NATIONAL AIRPORT, VA US","2018-10-07","75","82","71","    1",,,,,,
"USW00013743","WASHINGTON REAGAN NATIONAL AIRPORT, VA US","2018-10-08","76","85","71","    1",,,,,,
"USW00013743","WASHINGTON REAGAN NATIONAL AIRPORT, VA US","2018-10-09","76","83","72",,,,,,,
"USW00013743","WASHINGTON REAGAN NATIONAL AIRPORT, VA US","2018-10-10","77","84","73",,,,,,,
"USW00013743","WASHINGTON REAGAN NATIONAL AIRPORT, VA US","2018-10-11","78","83","70","    1",,"    1",,,,
"USW00013743","WASHINGTON REAGAN NATIONAL AIRPORT, VA US","2018-10-12","65","70","55",,,,,,,
"USW00013743","WASHINGTON REAGAN NATIONAL AIRPORT, VA US","2018-10-13","56","62","49",,,,,,,
"USW00013743","WASHINGTON REAGAN NATIONAL AIRPORT, VA US","2018-10-14","53","60","48","    1",,,,,,
"USW00013743","WASHINGTON REAGAN NATIONAL AIRPORT, VA US","2018-10-15","63","74","59","    1",,,,,,
"USW00013743","WASHINGTON REAGAN NATIONAL AIRPORT, VA US","2018-10-16","63","67","56",,,,,,,
"USW00013743","WASHINGTON REAGAN NATIONAL AIRPORT, VA US","2018-10-17","60","70","53",,,,,,,
"USW00013743","WASHINGTON REAGAN NATIONAL AIRPORT, VA US","2018-10-18","55","59","47",,,,,,,
"USW00013743","WASHINGTON REAGAN NATIONAL AIRPORT, VA US","2018-10-19","53","66","43",,,,,,,
"USW00013743","WASHINGTON REAGAN NATIONAL AIRPORT, VA US","2018-10-20","60","69","53",,,,,,,
"USW00013743","WASHINGTON REAGAN NATIONAL AIRPORT, VA US","2018-10-21","53","56","42",,,,,,,
"USW00013743","WASHINGTON REAGAN NATIONAL AIRPORT, VA US","2018-10-22","47","58","38",,,,,,,
"USW00013743","WASHINGTON REAGAN NATIONAL AIRPORT, VA US","2018-10-23","56","72","45",,,,,,,
"USW00013743","WASHINGTON REAGAN NATIONAL AIRPORT, VA US","2018-10-24","54","58","43",,,,,,,
"USW00013743","WASHINGTON REAGAN NATIONAL AIRPORT, VA US","2018-10-25","47","55","40",,,,,,,
"USW00013743","WASHINGTON REAGAN NATIONAL AIRPORT, VA US","2018-10-26","49","51","45","    1",,,,,,
"USW00013743","WASHINGTON REAGAN NATIONAL AIRPORT, VA US","2018-10-27","51","54","49","    1",,,,,,
"USW00013743","WASHINGTON REAGAN NATIONAL AIRPORT, VA US","2018-10-28","54","62","50",,,,,,,
"USW00013743","WASHINGTON REAGAN NATIONAL AIRPORT, VA US","2018-10-29","55","62","48",,,,,,,
"USW00013743","WASHINGTON REAGAN NATIONAL AIRPORT, VA US","2018-10-30","53","65","43",,,,,,,
"USW00013743","WASHINGTON REAGAN NATIONAL AIRPORT, VA US","2018-10-31","55","69","47",,,,,,,
"USW00013743","WASHINGTON REAGAN NATIONAL AIRPORT, VA US","2018-11-01","63","76","57",,,,,,,
"USW00013743","WASHINGTON REAGAN NATIONAL AIRPORT, VA US","2018-11-02","69","73","56","    1",,,,,,
"USW00013743","WASHINGTON REAGAN NATIONAL AIRPORT, VA US","2018-11-03","57","61","47",,,,,,,
"USW00013743","WASHINGTON REAGAN NATIONAL AIRPORT, VA US","2018-11-04","51","59","42",,,,,,,
"USW00013743","WASHINGTON REAGAN NATIONAL AIRPORT, VA US","2018-11-05","54","58","53","    1",,,,,,
"USW00013743","WASHINGTON REAGAN NATIONAL AIRPORT, VA US","2018-11-06","56","61","54","    1",,,,,,
"USW00013743","WASHINGTON REAGAN NATIONAL AIRPORT, VA US","2018-11-07","57","66","48","    1",,,,,,
"USW00013743","WASHINGTON REAGAN NATIONAL AIRPORT, VA US","2018-11-08","56","61","50",,,,,,,
"USW00013743","WASHINGTON REAGAN NATIONAL AIRPORT, VA US","2018-11-09","50","52","46","    1",,,,,,
"USW00013743","WASHINGTON REAGAN NATIONAL AIRPORT, VA US","2018-11-10","46","50","33",,,,,,,
"USW00013743","WASHINGTON REAGAN NATIONAL AIRPORT, VA US","2018-11-11","38","48","31",,,,,,,
"USW00013743","WASHINGTON REAGAN NATIONAL AIRPORT, VA US","2018-11-12","42","50","36","    1",,,,,,
"USW00013743","WASHINGTON REAGAN NATIONAL AIRPORT, VA US","2018-11-13","46","50","44","    1",,,,,,
"USW00013743","WASHINGTON REAGAN NATIONAL AIRPORT, VA US","2018-11-14","43","46","38",,,,,,,
"USW00013743","WASHINGTON REAGAN NATIONAL AIRPORT, VA US","2018-11-15","38","41","32","    1",,,"    1",,,
"USW00013743","WASHINGTON REAGAN NATIONAL AIRPORT, VA US","2018-11-16","43","54","37","    1",,,,,,
"USW00013743","WASHINGTON REAGAN NATIONAL AIRPORT, VA US","2018-11-17","46","51","40",,,,,,,
"USW00013743","WASHINGTON REAGAN NATIONAL AIRPORT, VA US","2018-11-18","43","52","34",,,,,,,
"USW00013743","WASHINGTON REAGAN NATIONAL AIRPORT, VA US","2018-11-19","48","59","40",,,,,,,
"USW00013743","WASHINGTON REAGAN NATIONAL AIRPORT, VA US","2018-11-20","51","56","42",,,,,,,
"USW00013743","WASHINGTON REAGAN NATIONAL AIRPORT, VA US","2018-11-21","44","55","33",,,,,,,
"USW00013743","WASHINGTON REAGAN NATIONAL AIRPORT, VA US","2018-11-22","36","42","29",,,,,,,
"USW00013743","WASHINGTON REAGAN NATIONAL AIRPORT, VA US","2018-11-23","31","35","28",,,,,,,
"USW00013743","WASHINGTON REAGAN NATIONAL AIRPORT, VA US","2018-11-24","38","48","34","    1",,,,,,
"USW00013743","WASHINGTON REAGAN NATIONAL AIRPORT, VA US","2018-11-25","46","60","38",,,,,,,
"USW00013743","WASHINGTON REAGAN NATIONAL AIRPORT, VA US","2018-11-26","49","52","42","    1",,,,,,
"USW00013743","WASHINGTON REAGAN NATIONAL AIRPORT, VA US","2018-11-27","42","45","37",,,,,,,
"USW00013743","WASHINGTON REAGAN NATIONAL AIRPORT, VA US","2018-11-28","37","40","32",,,,,,,
"USW00013743","WASHINGTON REAGAN NATIONAL AIRPORT, VA US","2018-11-29","35","42","31",,,,,,,
"USW00013743","WASHINGTON REAGAN NATIONAL AIRPORT, VA US","2018-11-30","41","47","38",,,,,,,
"USW00013743","WASHINGTON REAGAN NATIONAL AIRPORT, VA US","2018-12-01","41","45","36","    1",,,,,,
"USW00013743","WASHINGTON REAGAN NATIONAL AIRPORT, VA US","2018-12-02","48","58","45","    1",,,,,,
"USW00013743","WASHINGTON REAGAN NATIONAL AIRPORT, VA US","2018-12-03","56","62","48","    1",,,,,,
"USW00013743","WASHINGTON REAGAN NATIONAL AIRPORT, VA US","2018-12-04","45","48","35",,,,,,,
"USW00013743","WASHINGTON REAGAN NATIONAL AIRPORT, VA US","2018-12-05","37","41","33",,,,,,,
"USW00013743","WASHINGTON REAGAN NATIONAL AIRPORT, VA US","2018-12-06","38","45","33",,,,,,,
"USW00013743","WASHINGTON REAGAN NATIONAL AIRPORT, VA US","2018-12-07","40","44","33",,,,,,,
"USW00013743","WASHINGTON REAGAN NATIONAL AIRPORT, VA US","2018-12-08","34","40","27",,,,,,,
"USW00013743","WASHINGTON REAGAN NATIONAL AIRPORT, VA US","2018-12-09","34","35","32",,,,,,,
"USW00013743","WASHINGTON REAGAN NATIONAL AIRPORT, VA US","2018-12-10","35","41","30",,,,,,,
"USW00013743","WASHINGTON REAGAN NATIONAL AIRPORT, VA US","2018-12-11","35","47","26",,,,,,,
"USW00013743","WASHINGTON REAGAN NATIONAL AIRPORT, VA US","2018-12-12","39","47","30",,,,,,,
"USW00013743","WASHINGTON REAGAN NATIONAL AIRPORT, VA US","2018-12-13","43","54","39",,,,,,,
"USW00013743","WASHINGTON REAGAN NATIONAL AIRPORT, VA US","2018-12-14","44","49","37","    1",,,,,"    1",
"USW00013743","WASHINGTON REAGAN NATIONAL AIRPORT, VA US","2018-12-15","51","55","48","    1",,,,,,
"USW00013743","WASHINGTON REAGAN NATIONAL AIRPORT, VA US","2018-12-16","48","50","43","    1",,,,,,
"USW00013743","WASHINGTON REAGAN NATIONAL AIRPORT, VA US","2018-12-17","48","58","42",,,,,,,
"USW00013743","WASHINGTON REAGAN NATIONAL AIRPORT, VA US","2018-12-18","43","47","34",,,,,,,
"USW00013743","WASHINGTON REAGAN NATIONAL AIRPORT, VA US","2018-12-19","39","51","30",,,,,,,
"USW00013743","WASHINGTON REAGAN NATIONAL AIRPORT, VA US","2018-12-20","41","62","36","    1",,,,,,
"USW00013743","WASHINGTON REAGAN NATIONAL AIRPORT, VA US","2018-12-21","59","67","47",,,,,,,
"USW00013743","WASHINGTON REAGAN NATIONAL AIRPORT, VA US","2018-12-22","49","53","42",,,,,,,
"USW00013743","WASHINGTON REAGAN NATIONAL AIRPORT, VA US","2018-12-23","44","49","37",,,,,,,
"USW00013743","WASHINGTON REAGAN NATIONAL AIRPORT, VA US","2018-12-24","45","48","40",,,,,,,
"USW00013743","WASHINGTON REAGAN NATIONAL AIRPORT, VA US","2018-12-25","40","44","31",,,,,,,
"USW00013743","WASHINGTON REAGAN NATIONAL AIRPORT, VA US","2018-12-26","38","47","31",,,,,,,
"USW00013743","WASHINGTON REAGAN NATIONAL AIRPORT, VA US","2018-12-27","41","53","33","    1",,,,,,
"USW00013743","WASHINGTON REAGAN NATIONAL AIRPORT, VA US","2018-12-28","48","57","44","    1","    1",,,,,
"USW00013743","WASHINGTON REAGAN NATIONAL AIRPORT, VA US","2018-12-29","51","58","41","    1","    1",,,,,
"USW00013743","WASHINGTON REAGAN NATIONAL AIRPORT, VA US","2018-12-30","43","47","39",,,,,,,
"USW00013743","WASHINGTON REAGAN NATIONAL AIRPORT, VA US","2018-12-31","44","51","39","    1",,,,,,
